id,id_nama_data,indikator,satuan,date,value,namadata_tsidx
329339,11164,Cadangan Devisa BI Menurut Jenis,US$ juta,2001-01-31,29257.0,Cadangan Devisa BI Menurut Jenis Total Indonesia  US$ 
329339,11164,Cadangan Devisa BI Menurut Jenis,US$ juta,2001-02-28,29107.0,Cadangan Devisa BI Menurut Jenis Total Indonesia  US$ 
329339,11164,Cadangan Devisa BI Menurut Jenis,US$ juta,2001-03-31,28673.0,Cadangan Devisa BI Menurut Jenis Total Indonesia  US$ 
329339,11164,Cadangan Devisa BI Menurut Jenis,US$ juta,2001-04-30,28713.0,Cadangan Devisa BI Menurut Jenis Total Indonesia  US$ 
329339,11164,Cadangan Devisa BI Menurut Jenis,US$ juta,2001-05-31,28594.0,Cadangan Devisa BI Menurut Jenis Total Indonesia  US$ 
329339,11164,Cadangan Devisa BI Menurut Jenis,US$ juta,2001-06-30,28638.0,Cadangan Devisa BI Menurut Jenis Total Indonesia  US$ 
329339,11164,Cadangan Devisa BI Menurut Jenis,US$ juta,2001-07-31,28938.0,Cadangan Devisa BI Menurut Jenis Total Indonesia  US$ 
329339,11164,Cadangan Devisa BI Menurut Jenis,US$ juta,2001-08-31,28555.0,Cadangan Devisa BI Menurut Jenis Total Indonesia  US$ 
329339,11164,Cadangan Devisa BI Menurut Jenis,US$ juta,2001-09-30,28957.0,Cadangan Devisa BI Menurut Jenis Total Indonesia  US$ 
329339,11164,Cadangan Devisa BI Menurut Jenis,US$ juta,2001-10-31,28596.0,Cadangan Devisa BI Menurut Jenis Total Indonesia  US$ 
329339,11164,Cadangan Devisa BI Menurut Jenis,US$ juta,2001-11-30,28022.0,Cadangan Devisa BI Menurut Jenis Total Indonesia  US$ 
329339,11164,Cadangan Devisa BI Menurut Jenis,US$ juta,2001-12-31,28103.63618034,Cadangan Devisa BI Menurut Jenis Total Indonesia  US$ 
329339,11164,Cadangan Devisa BI Menurut Jenis,US$ juta,2002-01-31,27771.0,Cadangan Devisa BI Menurut Jenis Total Indonesia  US$ 
329339,11164,Cadangan Devisa BI Menurut Jenis,US$ juta,2002-02-28,27937.0,Cadangan Devisa BI Menurut Jenis Total Indonesia  US$ 
329339,11164,Cadangan Devisa BI Menurut Jenis,US$ juta,2002-03-31,28004.0,Cadangan Devisa BI Menurut Jenis Total Indonesia  US$ 
329339,11164,Cadangan Devisa BI Menurut Jenis,US$ juta,2002-04-30,28151.0,Cadangan Devisa BI Menurut Jenis Total Indonesia  US$ 
329339,11164,Cadangan Devisa BI Menurut Jenis,US$ juta,2002-05-31,28756.0,Cadangan Devisa BI Menurut Jenis Total Indonesia  US$ 
329339,11164,Cadangan Devisa BI Menurut Jenis,US$ juta,2002-06-30,29279.0,Cadangan Devisa BI Menurut Jenis Total Indonesia  US$ 
329339,11164,Cadangan Devisa BI Menurut Jenis,US$ juta,2002-07-31,30324.0,Cadangan Devisa BI Menurut Jenis Total Indonesia  US$ 
329339,11164,Cadangan Devisa BI Menurut Jenis,US$ juta,2002-08-31,30156.0,Cadangan Devisa BI Menurut Jenis Total Indonesia  US$ 
329339,11164,Cadangan Devisa BI Menurut Jenis,US$ juta,2002-09-30,30041.0,Cadangan Devisa BI Menurut Jenis Total Indonesia  US$ 
329339,11164,Cadangan Devisa BI Menurut Jenis,US$ juta,2002-10-31,29897.0,Cadangan Devisa BI Menurut Jenis Total Indonesia  US$ 
329339,11164,Cadangan Devisa BI Menurut Jenis,US$ juta,2002-11-30,29995.0,Cadangan Devisa BI Menurut Jenis Total Indonesia  US$ 
329339,11164,Cadangan Devisa BI Menurut Jenis,US$ juta,2002-12-31,32033.585247439998,Cadangan Devisa BI Menurut Jenis Total Indonesia  US$ 
329339,11164,Cadangan Devisa BI Menurut Jenis,US$ juta,2003-01-31,32182.0,Cadangan Devisa BI Menurut Jenis Total Indonesia  US$ 
329339,11164,Cadangan Devisa BI Menurut Jenis,US$ juta,2003-02-28,32218.0,Cadangan Devisa BI Menurut Jenis Total Indonesia  US$ 
329339,11164,Cadangan Devisa BI Menurut Jenis,US$ juta,2003-03-31,32578.0,Cadangan Devisa BI Menurut Jenis Total Indonesia  US$ 
329339,11164,Cadangan Devisa BI Menurut Jenis,US$ juta,2003-04-30,33626.0,Cadangan Devisa BI Menurut Jenis Total Indonesia  US$ 
329339,11164,Cadangan Devisa BI Menurut Jenis,US$ juta,2003-05-31,34162.0,Cadangan Devisa BI Menurut Jenis Total Indonesia  US$ 
329339,11164,Cadangan Devisa BI Menurut Jenis,US$ juta,2003-06-30,34057.0,Cadangan Devisa BI Menurut Jenis Total Indonesia  US$ 
329339,11164,Cadangan Devisa BI Menurut Jenis,US$ juta,2003-07-31,33733.0,Cadangan Devisa BI Menurut Jenis Total Indonesia  US$ 
329339,11164,Cadangan Devisa BI Menurut Jenis,US$ juta,2003-08-31,33540.0,Cadangan Devisa BI Menurut Jenis Total Indonesia  US$ 
329339,11164,Cadangan Devisa BI Menurut Jenis,US$ juta,2003-09-30,34068.0,Cadangan Devisa BI Menurut Jenis Total Indonesia  US$ 
329339,11164,Cadangan Devisa BI Menurut Jenis,US$ juta,2003-10-31,34842.0,Cadangan Devisa BI Menurut Jenis Total Indonesia  US$ 
329339,11164,Cadangan Devisa BI Menurut Jenis,US$ juta,2003-11-30,35114.0,Cadangan Devisa BI Menurut Jenis Total Indonesia  US$ 
329339,11164,Cadangan Devisa BI Menurut Jenis,US$ juta,2003-12-31,36256.2036416,Cadangan Devisa BI Menurut Jenis Total Indonesia  US$ 
329339,11164,Cadangan Devisa BI Menurut Jenis,US$ juta,2004-01-31,35975.0,Cadangan Devisa BI Menurut Jenis Total Indonesia  US$ 
329339,11164,Cadangan Devisa BI Menurut Jenis,US$ juta,2004-02-29,36001.0,Cadangan Devisa BI Menurut Jenis Total Indonesia  US$ 
329339,11164,Cadangan Devisa BI Menurut Jenis,US$ juta,2004-03-31,37419.0,Cadangan Devisa BI Menurut Jenis Total Indonesia  US$ 
329339,11164,Cadangan Devisa BI Menurut Jenis,US$ juta,2004-04-30,37081.0,Cadangan Devisa BI Menurut Jenis Total Indonesia  US$ 
329339,11164,Cadangan Devisa BI Menurut Jenis,US$ juta,2004-05-31,36470.0,Cadangan Devisa BI Menurut Jenis Total Indonesia  US$ 
329339,11164,Cadangan Devisa BI Menurut Jenis,US$ juta,2004-06-30,34851.0,Cadangan Devisa BI Menurut Jenis Total Indonesia  US$ 
329339,11164,Cadangan Devisa BI Menurut Jenis,US$ juta,2004-07-31,34811.0,Cadangan Devisa BI Menurut Jenis Total Indonesia  US$ 
329339,11164,Cadangan Devisa BI Menurut Jenis,US$ juta,2004-08-31,34822.0,Cadangan Devisa BI Menurut Jenis Total Indonesia  US$ 
329339,11164,Cadangan Devisa BI Menurut Jenis,US$ juta,2004-09-30,34802.0,Cadangan Devisa BI Menurut Jenis Total Indonesia  US$ 
329339,11164,Cadangan Devisa BI Menurut Jenis,US$ juta,2004-10-31,35353.0,Cadangan Devisa BI Menurut Jenis Total Indonesia  US$ 
329339,11164,Cadangan Devisa BI Menurut Jenis,US$ juta,2004-11-30,35927.0,Cadangan Devisa BI Menurut Jenis Total Indonesia  US$ 
329339,11164,Cadangan Devisa BI Menurut Jenis,US$ juta,2004-12-31,36310.73390932,Cadangan Devisa BI Menurut Jenis Total Indonesia  US$ 
329339,11164,Cadangan Devisa BI Menurut Jenis,US$ juta,2005-01-31,36092.0,Cadangan Devisa BI Menurut Jenis Total Indonesia  US$ 
329339,11164,Cadangan Devisa BI Menurut Jenis,US$ juta,2005-02-28,36542.0,Cadangan Devisa BI Menurut Jenis Total Indonesia  US$ 
329339,11164,Cadangan Devisa BI Menurut Jenis,US$ juta,2005-03-31,36030.0,Cadangan Devisa BI Menurut Jenis Total Indonesia  US$ 
329339,11164,Cadangan Devisa BI Menurut Jenis,US$ juta,2005-04-30,36429.0,Cadangan Devisa BI Menurut Jenis Total Indonesia  US$ 
329339,11164,Cadangan Devisa BI Menurut Jenis,US$ juta,2005-05-31,34613.0,Cadangan Devisa BI Menurut Jenis Total Indonesia  US$ 
329339,11164,Cadangan Devisa BI Menurut Jenis,US$ juta,2005-06-30,33865.0,Cadangan Devisa BI Menurut Jenis Total Indonesia  US$ 
329339,11164,Cadangan Devisa BI Menurut Jenis,US$ juta,2005-07-31,32208.0,Cadangan Devisa BI Menurut Jenis Total Indonesia  US$ 
329339,11164,Cadangan Devisa BI Menurut Jenis,US$ juta,2005-08-31,31180.0,Cadangan Devisa BI Menurut Jenis Total Indonesia  US$ 
329339,11164,Cadangan Devisa BI Menurut Jenis,US$ juta,2005-09-30,30318.0,Cadangan Devisa BI Menurut Jenis Total Indonesia  US$ 
329339,11164,Cadangan Devisa BI Menurut Jenis,US$ juta,2005-10-31,32646.0,Cadangan Devisa BI Menurut Jenis Total Indonesia  US$ 
329339,11164,Cadangan Devisa BI Menurut Jenis,US$ juta,2005-11-30,33240.0,Cadangan Devisa BI Menurut Jenis Total Indonesia  US$ 
329339,11164,Cadangan Devisa BI Menurut Jenis,US$ juta,2005-12-31,34730.79904925,Cadangan Devisa BI Menurut Jenis Total Indonesia  US$ 
329339,11164,Cadangan Devisa BI Menurut Jenis,US$ juta,2006-01-31,35076.0,Cadangan Devisa BI Menurut Jenis Total Indonesia  US$ 
329339,11164,Cadangan Devisa BI Menurut Jenis,US$ juta,2006-02-28,35535.0,Cadangan Devisa BI Menurut Jenis Total Indonesia  US$ 
329339,11164,Cadangan Devisa BI Menurut Jenis,US$ juta,2006-03-31,40488.0,Cadangan Devisa BI Menurut Jenis Total Indonesia  US$ 
329339,11164,Cadangan Devisa BI Menurut Jenis,US$ juta,2006-04-30,42811.0,Cadangan Devisa BI Menurut Jenis Total Indonesia  US$ 
329339,11164,Cadangan Devisa BI Menurut Jenis,US$ juta,2006-05-31,44169.0,Cadangan Devisa BI Menurut Jenis Total Indonesia  US$ 
329339,11164,Cadangan Devisa BI Menurut Jenis,US$ juta,2006-06-30,40107.0,Cadangan Devisa BI Menurut Jenis Total Indonesia  US$ 
329339,11164,Cadangan Devisa BI Menurut Jenis,US$ juta,2006-07-31,41125.0,Cadangan Devisa BI Menurut Jenis Total Indonesia  US$ 
329339,11164,Cadangan Devisa BI Menurut Jenis,US$ juta,2006-08-31,41995.0,Cadangan Devisa BI Menurut Jenis Total Indonesia  US$ 
329339,11164,Cadangan Devisa BI Menurut Jenis,US$ juta,2006-09-30,42352.0,Cadangan Devisa BI Menurut Jenis Total Indonesia  US$ 
329339,11164,Cadangan Devisa BI Menurut Jenis,US$ juta,2006-10-31,39895.0,Cadangan Devisa BI Menurut Jenis Total Indonesia  US$ 
329339,11164,Cadangan Devisa BI Menurut Jenis,US$ juta,2006-11-30,41579.0,Cadangan Devisa BI Menurut Jenis Total Indonesia  US$ 
329339,11164,Cadangan Devisa BI Menurut Jenis,US$ juta,2006-12-31,42597.040281589994,Cadangan Devisa BI Menurut Jenis Total Indonesia  US$ 
329339,11164,Cadangan Devisa BI Menurut Jenis,US$ juta,2007-01-31,43266.0,Cadangan Devisa BI Menurut Jenis Total Indonesia  US$ 
329339,11164,Cadangan Devisa BI Menurut Jenis,US$ juta,2007-02-28,45690.0,Cadangan Devisa BI Menurut Jenis Total Indonesia  US$ 
329339,11164,Cadangan Devisa BI Menurut Jenis,US$ juta,2007-03-31,47221.0,Cadangan Devisa BI Menurut Jenis Total Indonesia  US$ 
329339,11164,Cadangan Devisa BI Menurut Jenis,US$ juta,2007-04-30,49309.0,Cadangan Devisa BI Menurut Jenis Total Indonesia  US$ 
329339,11164,Cadangan Devisa BI Menurut Jenis,US$ juta,2007-05-31,50113.0,Cadangan Devisa BI Menurut Jenis Total Indonesia  US$ 
329339,11164,Cadangan Devisa BI Menurut Jenis,US$ juta,2007-06-30,50924.0,Cadangan Devisa BI Menurut Jenis Total Indonesia  US$ 
329339,11164,Cadangan Devisa BI Menurut Jenis,US$ juta,2007-07-31,51880.0,Cadangan Devisa BI Menurut Jenis Total Indonesia  US$ 
329339,11164,Cadangan Devisa BI Menurut Jenis,US$ juta,2007-08-31,51426.0,Cadangan Devisa BI Menurut Jenis Total Indonesia  US$ 
329339,11164,Cadangan Devisa BI Menurut Jenis,US$ juta,2007-09-30,52875.0,Cadangan Devisa BI Menurut Jenis Total Indonesia  US$ 
329339,11164,Cadangan Devisa BI Menurut Jenis,US$ juta,2007-10-31,54154.0,Cadangan Devisa BI Menurut Jenis Total Indonesia  US$ 
329339,11164,Cadangan Devisa BI Menurut Jenis,US$ juta,2007-11-30,54897.0,Cadangan Devisa BI Menurut Jenis Total Indonesia  US$ 
329339,11164,Cadangan Devisa BI Menurut Jenis,US$ juta,2007-12-31,56935.7440233,Cadangan Devisa BI Menurut Jenis Total Indonesia  US$ 
329339,11164,Cadangan Devisa BI Menurut Jenis,US$ juta,2008-01-31,55999.0,Cadangan Devisa BI Menurut Jenis Total Indonesia  US$ 
329339,11164,Cadangan Devisa BI Menurut Jenis,US$ juta,2008-02-29,57125.0,Cadangan Devisa BI Menurut Jenis Total Indonesia  US$ 
329339,11164,Cadangan Devisa BI Menurut Jenis,US$ juta,2008-03-31,58987.0,Cadangan Devisa BI Menurut Jenis Total Indonesia  US$ 
329339,11164,Cadangan Devisa BI Menurut Jenis,US$ juta,2008-04-30,58770.0,Cadangan Devisa BI Menurut Jenis Total Indonesia  US$ 
329339,11164,Cadangan Devisa BI Menurut Jenis,US$ juta,2008-05-31,57464.0,Cadangan Devisa BI Menurut Jenis Total Indonesia  US$ 
329339,11164,Cadangan Devisa BI Menurut Jenis,US$ juta,2008-06-30,59453.0,Cadangan Devisa BI Menurut Jenis Total Indonesia  US$ 
329339,11164,Cadangan Devisa BI Menurut Jenis,US$ juta,2008-07-31,60563.0,Cadangan Devisa BI Menurut Jenis Total Indonesia  US$ 
329339,11164,Cadangan Devisa BI Menurut Jenis,US$ juta,2008-08-31,58356.0,Cadangan Devisa BI Menurut Jenis Total Indonesia  US$ 
329339,11164,Cadangan Devisa BI Menurut Jenis,US$ juta,2008-09-30,57108.0,Cadangan Devisa BI Menurut Jenis Total Indonesia  US$ 
329339,11164,Cadangan Devisa BI Menurut Jenis,US$ juta,2008-10-31,50580.0,Cadangan Devisa BI Menurut Jenis Total Indonesia  US$ 
329339,11164,Cadangan Devisa BI Menurut Jenis,US$ juta,2008-11-30,50182.0,Cadangan Devisa BI Menurut Jenis Total Indonesia  US$ 
329339,11164,Cadangan Devisa BI Menurut Jenis,US$ juta,2008-12-31,51640.62572132,Cadangan Devisa BI Menurut Jenis Total Indonesia  US$ 
329339,11164,Cadangan Devisa BI Menurut Jenis,US$ juta,2009-01-31,50870.0,Cadangan Devisa BI Menurut Jenis Total Indonesia  US$ 
329339,11164,Cadangan Devisa BI Menurut Jenis,US$ juta,2009-02-28,50564.0,Cadangan Devisa BI Menurut Jenis Total Indonesia  US$ 
329339,11164,Cadangan Devisa BI Menurut Jenis,US$ juta,2009-03-31,54840.0,Cadangan Devisa BI Menurut Jenis Total Indonesia  US$ 
329339,11164,Cadangan Devisa BI Menurut Jenis,US$ juta,2009-04-30,56566.0,Cadangan Devisa BI Menurut Jenis Total Indonesia  US$ 
329339,11164,Cadangan Devisa BI Menurut Jenis,US$ juta,2009-05-31,57934.0,Cadangan Devisa BI Menurut Jenis Total Indonesia  US$ 
329339,11164,Cadangan Devisa BI Menurut Jenis,US$ juta,2009-06-30,57576.0,Cadangan Devisa BI Menurut Jenis Total Indonesia  US$ 
329339,11164,Cadangan Devisa BI Menurut Jenis,US$ juta,2009-07-31,57418.0,Cadangan Devisa BI Menurut Jenis Total Indonesia  US$ 
329339,11164,Cadangan Devisa BI Menurut Jenis,US$ juta,2009-08-31,57943.0,Cadangan Devisa BI Menurut Jenis Total Indonesia  US$ 
329339,11164,Cadangan Devisa BI Menurut Jenis,US$ juta,2009-09-30,62287.0,Cadangan Devisa BI Menurut Jenis Total Indonesia  US$ 
329339,11164,Cadangan Devisa BI Menurut Jenis,US$ juta,2009-10-31,64528.0,Cadangan Devisa BI Menurut Jenis Total Indonesia  US$ 
329339,11164,Cadangan Devisa BI Menurut Jenis,US$ juta,2009-11-30,65844.0,Cadangan Devisa BI Menurut Jenis Total Indonesia  US$ 
329339,11164,Cadangan Devisa BI Menurut Jenis,US$ juta,2009-12-31,66118.91796814,Cadangan Devisa BI Menurut Jenis Total Indonesia  US$ 
329339,11164,Cadangan Devisa BI Menurut Jenis,US$ juta,2010-01-31,69562.47,Cadangan Devisa BI Menurut Jenis Total Indonesia  US$ 
329339,11164,Cadangan Devisa BI Menurut Jenis,US$ juta,2010-02-28,69730.6,Cadangan Devisa BI Menurut Jenis Total Indonesia  US$ 
329339,11164,Cadangan Devisa BI Menurut Jenis,US$ juta,2010-03-31,71823.21,Cadangan Devisa BI Menurut Jenis Total Indonesia  US$ 
329339,11164,Cadangan Devisa BI Menurut Jenis,US$ juta,2010-04-30,78582.77,Cadangan Devisa BI Menurut Jenis Total Indonesia  US$ 
329339,11164,Cadangan Devisa BI Menurut Jenis,US$ juta,2010-05-31,74587.29,Cadangan Devisa BI Menurut Jenis Total Indonesia  US$ 
329339,11164,Cadangan Devisa BI Menurut Jenis,US$ juta,2010-06-30,76321.26,Cadangan Devisa BI Menurut Jenis Total Indonesia  US$ 
329339,11164,Cadangan Devisa BI Menurut Jenis,US$ juta,2010-07-31,78794.09,Cadangan Devisa BI Menurut Jenis Total Indonesia  US$ 
329339,11164,Cadangan Devisa BI Menurut Jenis,US$ juta,2010-08-31,81317.21,Cadangan Devisa BI Menurut Jenis Total Indonesia  US$ 
329339,11164,Cadangan Devisa BI Menurut Jenis,US$ juta,2010-09-30,86550.64,Cadangan Devisa BI Menurut Jenis Total Indonesia  US$ 
329339,11164,Cadangan Devisa BI Menurut Jenis,US$ juta,2010-10-31,91798.63,Cadangan Devisa BI Menurut Jenis Total Indonesia  US$ 
329339,11164,Cadangan Devisa BI Menurut Jenis,US$ juta,2010-11-30,92759.28,Cadangan Devisa BI Menurut Jenis Total Indonesia  US$ 
329339,11164,Cadangan Devisa BI Menurut Jenis,US$ juta,2010-12-31,96206.85,Cadangan Devisa BI Menurut Jenis Total Indonesia  US$ 
329339,11164,Cadangan Devisa BI Menurut Jenis,US$ juta,2011-01-31,95331.56,Cadangan Devisa BI Menurut Jenis Total Indonesia  US$ 
329339,11164,Cadangan Devisa BI Menurut Jenis,US$ juta,2011-02-28,99618.83,Cadangan Devisa BI Menurut Jenis Total Indonesia  US$ 
329339,11164,Cadangan Devisa BI Menurut Jenis,US$ juta,2011-03-31,105709.08,Cadangan Devisa BI Menurut Jenis Total Indonesia  US$ 
329339,11164,Cadangan Devisa BI Menurut Jenis,US$ juta,2011-04-30,113814.19,Cadangan Devisa BI Menurut Jenis Total Indonesia  US$ 
329339,11164,Cadangan Devisa BI Menurut Jenis,US$ juta,2011-05-31,118108.84,Cadangan Devisa BI Menurut Jenis Total Indonesia  US$ 
329339,11164,Cadangan Devisa BI Menurut Jenis,US$ juta,2011-06-30,119654.74,Cadangan Devisa BI Menurut Jenis Total Indonesia  US$ 
329339,11164,Cadangan Devisa BI Menurut Jenis,US$ juta,2011-07-31,122670.95,Cadangan Devisa BI Menurut Jenis Total Indonesia  US$ 
329339,11164,Cadangan Devisa BI Menurut Jenis,US$ juta,2011-08-31,124637.75,Cadangan Devisa BI Menurut Jenis Total Indonesia  US$ 
329339,11164,Cadangan Devisa BI Menurut Jenis,US$ juta,2011-09-30,114502.0,Cadangan Devisa BI Menurut Jenis Total Indonesia  US$ 
329339,11164,Cadangan Devisa BI Menurut Jenis,US$ juta,2011-10-31,113962.0,Cadangan Devisa BI Menurut Jenis Total Indonesia  US$ 
329339,11164,Cadangan Devisa BI Menurut Jenis,US$ juta,2011-11-30,111316.0,Cadangan Devisa BI Menurut Jenis Total Indonesia  US$ 
329339,11164,Cadangan Devisa BI Menurut Jenis,US$ juta,2011-12-31,110123.0,Cadangan Devisa BI Menurut Jenis Total Indonesia  US$ 
329339,11164,Cadangan Devisa BI Menurut Jenis,US$ juta,2012-01-31,111990.65,Cadangan Devisa BI Menurut Jenis Total Indonesia  US$ 
329339,11164,Cadangan Devisa BI Menurut Jenis,US$ juta,2012-02-29,112219.73,Cadangan Devisa BI Menurut Jenis Total Indonesia  US$ 
329339,11164,Cadangan Devisa BI Menurut Jenis,US$ juta,2012-03-31,110493.45,Cadangan Devisa BI Menurut Jenis Total Indonesia  US$ 
329339,11164,Cadangan Devisa BI Menurut Jenis,US$ juta,2012-04-30,116412.81,Cadangan Devisa BI Menurut Jenis Total Indonesia  US$ 
329339,11164,Cadangan Devisa BI Menurut Jenis,US$ juta,2012-05-31,111527.86,Cadangan Devisa BI Menurut Jenis Total Indonesia  US$ 
329339,11164,Cadangan Devisa BI Menurut Jenis,US$ juta,2012-06-30,106502.0,Cadangan Devisa BI Menurut Jenis Total Indonesia  US$ 
329339,11164,Cadangan Devisa BI Menurut Jenis,US$ juta,2012-07-31,106558.79,Cadangan Devisa BI Menurut Jenis Total Indonesia  US$ 
329339,11164,Cadangan Devisa BI Menurut Jenis,US$ juta,2012-08-31,108990.19,Cadangan Devisa BI Menurut Jenis Total Indonesia  US$ 
329339,11164,Cadangan Devisa BI Menurut Jenis,US$ juta,2012-09-30,110172.24,Cadangan Devisa BI Menurut Jenis Total Indonesia  US$ 
329339,11164,Cadangan Devisa BI Menurut Jenis,US$ juta,2012-10-31,110297.16,Cadangan Devisa BI Menurut Jenis Total Indonesia  US$ 
329339,11164,Cadangan Devisa BI Menurut Jenis,US$ juta,2012-11-30,111285.11,Cadangan Devisa BI Menurut Jenis Total Indonesia  US$ 
329339,11164,Cadangan Devisa BI Menurut Jenis,US$ juta,2012-12-31,112781.22,Cadangan Devisa BI Menurut Jenis Total Indonesia  US$ 
329339,11164,Cadangan Devisa BI Menurut Jenis,US$ juta,2013-01-31,108780.0,Cadangan Devisa BI Menurut Jenis Total Indonesia  US$ 
329339,11164,Cadangan Devisa BI Menurut Jenis,US$ juta,2013-02-28,105183.0,Cadangan Devisa BI Menurut Jenis Total Indonesia  US$ 
329339,11164,Cadangan Devisa BI Menurut Jenis,US$ juta,2013-03-31,104800.0,Cadangan Devisa BI Menurut Jenis Total Indonesia  US$ 
329339,11164,Cadangan Devisa BI Menurut Jenis,US$ juta,2013-04-30,107269.0,Cadangan Devisa BI Menurut Jenis Total Indonesia  US$ 
329339,11164,Cadangan Devisa BI Menurut Jenis,US$ juta,2013-05-31,105149.0,Cadangan Devisa BI Menurut Jenis Total Indonesia  US$ 
329339,11164,Cadangan Devisa BI Menurut Jenis,US$ juta,2013-06-30,98095.0,Cadangan Devisa BI Menurut Jenis Total Indonesia  US$ 
329339,11164,Cadangan Devisa BI Menurut Jenis,US$ juta,2013-07-31,92671.0,Cadangan Devisa BI Menurut Jenis Total Indonesia  US$ 
329339,11164,Cadangan Devisa BI Menurut Jenis,US$ juta,2013-08-31,92997.0,Cadangan Devisa BI Menurut Jenis Total Indonesia  US$ 
329339,11164,Cadangan Devisa BI Menurut Jenis,US$ juta,2013-09-30,95675.0,Cadangan Devisa BI Menurut Jenis Total Indonesia  US$ 
329339,11164,Cadangan Devisa BI Menurut Jenis,US$ juta,2013-10-31,96996.0,Cadangan Devisa BI Menurut Jenis Total Indonesia  US$ 
329339,11164,Cadangan Devisa BI Menurut Jenis,US$ juta,2013-11-30,99960.0,Cadangan Devisa BI Menurut Jenis Total Indonesia  US$ 
329339,11164,Cadangan Devisa BI Menurut Jenis,US$ juta,2013-12-31,99387.0,Cadangan Devisa BI Menurut Jenis Total Indonesia  US$ 
329339,11164,Cadangan Devisa BI Menurut Jenis,US$ juta,2014-01-31,100651.0,Cadangan Devisa BI Menurut Jenis Total Indonesia  US$ 
329339,11164,Cadangan Devisa BI Menurut Jenis,US$ juta,2014-02-28,102741.0,Cadangan Devisa BI Menurut Jenis Total Indonesia  US$ 
329339,11164,Cadangan Devisa BI Menurut Jenis,US$ juta,2014-03-31,102592.0,Cadangan Devisa BI Menurut Jenis Total Indonesia  US$ 
329339,11164,Cadangan Devisa BI Menurut Jenis,US$ juta,2014-04-30,105563.0,Cadangan Devisa BI Menurut Jenis Total Indonesia  US$ 
329339,11164,Cadangan Devisa BI Menurut Jenis,US$ juta,2014-05-31,107048.0,Cadangan Devisa BI Menurut Jenis Total Indonesia  US$ 
329339,11164,Cadangan Devisa BI Menurut Jenis,US$ juta,2014-06-30,107678.0,Cadangan Devisa BI Menurut Jenis Total Indonesia  US$ 
329339,11164,Cadangan Devisa BI Menurut Jenis,US$ juta,2014-07-31,110542.0,Cadangan Devisa BI Menurut Jenis Total Indonesia  US$ 
329339,11164,Cadangan Devisa BI Menurut Jenis,US$ juta,2014-08-31,111224.0,Cadangan Devisa BI Menurut Jenis Total Indonesia  US$ 
329339,11164,Cadangan Devisa BI Menurut Jenis,US$ juta,2014-09-30,111164.0,Cadangan Devisa BI Menurut Jenis Total Indonesia  US$ 
329339,11164,Cadangan Devisa BI Menurut Jenis,US$ juta,2014-10-31,111973.0,Cadangan Devisa BI Menurut Jenis Total Indonesia  US$ 
329339,11164,Cadangan Devisa BI Menurut Jenis,US$ juta,2014-11-30,111144.0,Cadangan Devisa BI Menurut Jenis Total Indonesia  US$ 
329339,11164,Cadangan Devisa BI Menurut Jenis,US$ juta,2014-12-31,111862.0,Cadangan Devisa BI Menurut Jenis Total Indonesia  US$ 
329339,11164,Cadangan Devisa BI Menurut Jenis,US$ juta,2015-01-31,114250.0,Cadangan Devisa BI Menurut Jenis Total Indonesia  US$ 
329339,11164,Cadangan Devisa BI Menurut Jenis,US$ juta,2015-02-28,115527.0,Cadangan Devisa BI Menurut Jenis Total Indonesia  US$ 
329339,11164,Cadangan Devisa BI Menurut Jenis,US$ juta,2015-03-31,111554.0,Cadangan Devisa BI Menurut Jenis Total Indonesia  US$ 
329339,11164,Cadangan Devisa BI Menurut Jenis,US$ juta,2015-04-30,110867.0,Cadangan Devisa BI Menurut Jenis Total Indonesia  US$ 
329339,11164,Cadangan Devisa BI Menurut Jenis,US$ juta,2015-05-31,110771.0,Cadangan Devisa BI Menurut Jenis Total Indonesia  US$ 
329339,11164,Cadangan Devisa BI Menurut Jenis,US$ juta,2015-06-30,108030.0,Cadangan Devisa BI Menurut Jenis Total Indonesia  US$ 
329339,11164,Cadangan Devisa BI Menurut Jenis,US$ juta,2015-07-31,107553.0,Cadangan Devisa BI Menurut Jenis Total Indonesia  US$ 
329339,11164,Cadangan Devisa BI Menurut Jenis,US$ juta,2015-08-31,105346.0,Cadangan Devisa BI Menurut Jenis Total Indonesia  US$ 
329339,11164,Cadangan Devisa BI Menurut Jenis,US$ juta,2015-09-30,101720.0,Cadangan Devisa BI Menurut Jenis Total Indonesia  US$ 
329339,11164,Cadangan Devisa BI Menurut Jenis,US$ juta,2015-10-31,100712.0,Cadangan Devisa BI Menurut Jenis Total Indonesia  US$ 
329339,11164,Cadangan Devisa BI Menurut Jenis,US$ juta,2015-11-30,100240.0,Cadangan Devisa BI Menurut Jenis Total Indonesia  US$ 
329339,11164,Cadangan Devisa BI Menurut Jenis,US$ juta,2015-12-31,105931.0,Cadangan Devisa BI Menurut Jenis Total Indonesia  US$ 
329339,11164,Cadangan Devisa BI Menurut Jenis,US$ juta,2016-01-31,102134.0,Cadangan Devisa BI Menurut Jenis Total Indonesia  US$ 
329339,11164,Cadangan Devisa BI Menurut Jenis,US$ juta,2016-02-29,104544.0,Cadangan Devisa BI Menurut Jenis Total Indonesia  US$ 
329339,11164,Cadangan Devisa BI Menurut Jenis,US$ juta,2016-03-31,107543.0,Cadangan Devisa BI Menurut Jenis Total Indonesia  US$ 
329339,11164,Cadangan Devisa BI Menurut Jenis,US$ juta,2016-04-30,107711.0,Cadangan Devisa BI Menurut Jenis Total Indonesia  US$ 
329339,11164,Cadangan Devisa BI Menurut Jenis,US$ juta,2016-05-31,103591.0,Cadangan Devisa BI Menurut Jenis Total Indonesia  US$ 
329339,11164,Cadangan Devisa BI Menurut Jenis,US$ juta,2016-06-30,109789.0,Cadangan Devisa BI Menurut Jenis Total Indonesia  US$ 
329339,11164,Cadangan Devisa BI Menurut Jenis,US$ juta,2016-07-31,111409.0,Cadangan Devisa BI Menurut Jenis Total Indonesia  US$ 
329339,11164,Cadangan Devisa BI Menurut Jenis,US$ juta,2016-08-31,113538.0,Cadangan Devisa BI Menurut Jenis Total Indonesia  US$ 
329339,11164,Cadangan Devisa BI Menurut Jenis,US$ juta,2016-09-30,115671.0,Cadangan Devisa BI Menurut Jenis Total Indonesia  US$ 
329339,11164,Cadangan Devisa BI Menurut Jenis,US$ juta,2016-10-31,115037.0,Cadangan Devisa BI Menurut Jenis Total Indonesia  US$ 
329339,11164,Cadangan Devisa BI Menurut Jenis,US$ juta,2016-11-30,111466.0,Cadangan Devisa BI Menurut Jenis Total Indonesia  US$ 
329339,11164,Cadangan Devisa BI Menurut Jenis,US$ juta,2016-12-31,116362.0,Cadangan Devisa BI Menurut Jenis Total Indonesia  US$ 
329339,11164,Cadangan Devisa BI Menurut Jenis,US$ juta,2017-01-31,116890.0,Cadangan Devisa BI Menurut Jenis Total Indonesia  US$ 
329339,11164,Cadangan Devisa BI Menurut Jenis,US$ juta,2017-02-28,119863.0,Cadangan Devisa BI Menurut Jenis Total Indonesia  US$ 
329339,11164,Cadangan Devisa BI Menurut Jenis,US$ juta,2017-03-31,121806.0,Cadangan Devisa BI Menurut Jenis Total Indonesia  US$ 
329339,11164,Cadangan Devisa BI Menurut Jenis,US$ juta,2017-04-30,123249.0,Cadangan Devisa BI Menurut Jenis Total Indonesia  US$ 
329339,11164,Cadangan Devisa BI Menurut Jenis,US$ juta,2017-05-31,124953.0,Cadangan Devisa BI Menurut Jenis Total Indonesia  US$ 
329339,11164,Cadangan Devisa BI Menurut Jenis,US$ juta,2017-06-30,123094.0,Cadangan Devisa BI Menurut Jenis Total Indonesia  US$ 
329339,11164,Cadangan Devisa BI Menurut Jenis,US$ juta,2017-07-31,127759.0,Cadangan Devisa BI Menurut Jenis Total Indonesia  US$ 
329339,11164,Cadangan Devisa BI Menurut Jenis,US$ juta,2017-08-31,128787.0,Cadangan Devisa BI Menurut Jenis Total Indonesia  US$ 
329339,11164,Cadangan Devisa BI Menurut Jenis,US$ juta,2017-09-30,129402.0,Cadangan Devisa BI Menurut Jenis Total Indonesia  US$ 
329339,11164,Cadangan Devisa BI Menurut Jenis,US$ juta,2017-10-31,126547.0,Cadangan Devisa BI Menurut Jenis Total Indonesia  US$ 
329339,11164,Cadangan Devisa BI Menurut Jenis,US$ juta,2017-11-30,125967.0,Cadangan Devisa BI Menurut Jenis Total Indonesia  US$ 
329339,11164,Cadangan Devisa BI Menurut Jenis,US$ juta,2017-12-31,130196.0,Cadangan Devisa BI Menurut Jenis Total Indonesia  US$ 
329339,11164,Cadangan Devisa BI Menurut Jenis,US$ juta,2018-01-31,131980.0,Cadangan Devisa BI Menurut Jenis Total Indonesia  US$ 
329339,11164,Cadangan Devisa BI Menurut Jenis,US$ juta,2018-02-28,128059.0,Cadangan Devisa BI Menurut Jenis Total Indonesia  US$ 
329339,11164,Cadangan Devisa BI Menurut Jenis,US$ juta,2018-03-31,126003.0,Cadangan Devisa BI Menurut Jenis Total Indonesia  US$ 
329339,11164,Cadangan Devisa BI Menurut Jenis,US$ juta,2018-04-30,124862.0,Cadangan Devisa BI Menurut Jenis Total Indonesia  US$ 
329339,11164,Cadangan Devisa BI Menurut Jenis,US$ juta,2018-05-31,122914.0,Cadangan Devisa BI Menurut Jenis Total Indonesia  US$ 
329339,11164,Cadangan Devisa BI Menurut Jenis,US$ juta,2018-06-30,119839.0,Cadangan Devisa BI Menurut Jenis Total Indonesia  US$ 
329339,11164,Cadangan Devisa BI Menurut Jenis,US$ juta,2018-07-31,118312.0,Cadangan Devisa BI Menurut Jenis Total Indonesia  US$ 
329339,11164,Cadangan Devisa BI Menurut Jenis,US$ juta,2018-08-31,117927.0,Cadangan Devisa BI Menurut Jenis Total Indonesia  US$ 
329339,11164,Cadangan Devisa BI Menurut Jenis,US$ juta,2018-09-30,114847.52,Cadangan Devisa BI Menurut Jenis Total Indonesia  US$ 
329339,11164,Cadangan Devisa BI Menurut Jenis,US$ juta,2018-10-31,115163.0,Cadangan Devisa BI Menurut Jenis Total Indonesia  US$ 
329339,11164,Cadangan Devisa BI Menurut Jenis,US$ juta,2018-11-30,117212.0,Cadangan Devisa BI Menurut Jenis Total Indonesia  US$ 
329339,11164,Cadangan Devisa BI Menurut Jenis,US$ juta,2018-12-31,120654.0,Cadangan Devisa BI Menurut Jenis Total Indonesia  US$ 
329339,11164,Cadangan Devisa BI Menurut Jenis,US$ juta,2019-01-31,120075.0,Cadangan Devisa BI Menurut Jenis Total Indonesia  US$ 
329339,11164,Cadangan Devisa BI Menurut Jenis,US$ juta,2019-02-28,123274.0,Cadangan Devisa BI Menurut Jenis Total Indonesia  US$ 
329339,11164,Cadangan Devisa BI Menurut Jenis,US$ juta,2019-03-31,124539.0,Cadangan Devisa BI Menurut Jenis Total Indonesia  US$ 
329339,11164,Cadangan Devisa BI Menurut Jenis,US$ juta,2019-04-30,124294.0,Cadangan Devisa BI Menurut Jenis Total Indonesia  US$ 
329339,11164,Cadangan Devisa BI Menurut Jenis,US$ juta,2019-05-31,120347.0,Cadangan Devisa BI Menurut Jenis Total Indonesia  US$ 
329339,11164,Cadangan Devisa BI Menurut Jenis,US$ juta,2019-06-30,123823.0,Cadangan Devisa BI Menurut Jenis Total Indonesia  US$ 
329339,11164,Cadangan Devisa BI Menurut Jenis,US$ juta,2019-07-31,125900.0,Cadangan Devisa BI Menurut Jenis Total Indonesia  US$ 
329339,11164,Cadangan Devisa BI Menurut Jenis,US$ juta,2019-08-31,126441.0,Cadangan Devisa BI Menurut Jenis Total Indonesia  US$ 
329339,11164,Cadangan Devisa BI Menurut Jenis,US$ juta,2019-09-30,124332.0,Cadangan Devisa BI Menurut Jenis Total Indonesia  US$ 
329339,11164,Cadangan Devisa BI Menurut Jenis,US$ juta,2019-10-31,126694.0,Cadangan Devisa BI Menurut Jenis Total Indonesia  US$ 
329339,11164,Cadangan Devisa BI Menurut Jenis,US$ juta,2019-11-30,126633.0,Cadangan Devisa BI Menurut Jenis Total Indonesia  US$ 
329339,11164,Cadangan Devisa BI Menurut Jenis,US$ juta,2019-12-31,129183.0,Cadangan Devisa BI Menurut Jenis Total Indonesia  US$ 
329339,11164,Cadangan Devisa BI Menurut Jenis,US$ juta,2020-01-31,131704.0,Cadangan Devisa BI Menurut Jenis Total Indonesia  US$ 
329339,11164,Cadangan Devisa BI Menurut Jenis,US$ juta,2020-02-29,130444.0,Cadangan Devisa BI Menurut Jenis Total Indonesia  US$ 
329339,11164,Cadangan Devisa BI Menurut Jenis,US$ juta,2020-03-31,120969.0,Cadangan Devisa BI Menurut Jenis Total Indonesia  US$ 
329339,11164,Cadangan Devisa BI Menurut Jenis,US$ juta,2020-04-30,127880.0,Cadangan Devisa BI Menurut Jenis Total Indonesia  US$ 
329339,11164,Cadangan Devisa BI Menurut Jenis,US$ juta,2020-05-31,130544.0,Cadangan Devisa BI Menurut Jenis Total Indonesia  US$ 
329339,11164,Cadangan Devisa BI Menurut Jenis,US$ juta,2020-06-30,131718.0,Cadangan Devisa BI Menurut Jenis Total Indonesia  US$ 
329339,11164,Cadangan Devisa BI Menurut Jenis,US$ juta,2020-07-31,135077.0,Cadangan Devisa BI Menurut Jenis Total Indonesia  US$ 
329339,11164,Cadangan Devisa BI Menurut Jenis,US$ juta,2020-08-31,137041.0,Cadangan Devisa BI Menurut Jenis Total Indonesia  US$ 
329339,11164,Cadangan Devisa BI Menurut Jenis,US$ juta,2020-09-30,135153.0,Cadangan Devisa BI Menurut Jenis Total Indonesia  US$ 
329339,11164,Cadangan Devisa BI Menurut Jenis,US$ juta,2020-10-31,133663.0,Cadangan Devisa BI Menurut Jenis Total Indonesia  US$ 
329339,11164,Cadangan Devisa BI Menurut Jenis,US$ juta,2020-11-30,133556.0,Cadangan Devisa BI Menurut Jenis Total Indonesia  US$ 
329339,11164,Cadangan Devisa BI Menurut Jenis,US$ juta,2020-12-31,135897.0,Cadangan Devisa BI Menurut Jenis Total Indonesia  US$ 
329339,11164,Cadangan Devisa BI Menurut Jenis,US$ juta,2021-01-31,138005.0,Cadangan Devisa BI Menurut Jenis Total Indonesia  US$ 
329339,11164,Cadangan Devisa BI Menurut Jenis,US$ juta,2021-02-28,138787.0,Cadangan Devisa BI Menurut Jenis Total Indonesia  US$ 
329339,11164,Cadangan Devisa BI Menurut Jenis,US$ juta,2021-03-31,137095.0,Cadangan Devisa BI Menurut Jenis Total Indonesia  US$ 
329339,11164,Cadangan Devisa BI Menurut Jenis,US$ juta,2021-04-30,138799.0,Cadangan Devisa BI Menurut Jenis Total Indonesia  US$ 
329339,11164,Cadangan Devisa BI Menurut Jenis,US$ juta,2021-05-31,136398.0,Cadangan Devisa BI Menurut Jenis Total Indonesia  US$ 
329339,11164,Cadangan Devisa BI Menurut Jenis,US$ juta,2021-06-30,137093.0,Cadangan Devisa BI Menurut Jenis Total Indonesia  US$ 
329339,11164,Cadangan Devisa BI Menurut Jenis,US$ juta,2021-07-31,137343.0,Cadangan Devisa BI Menurut Jenis Total Indonesia  US$ 
329339,11164,Cadangan Devisa BI Menurut Jenis,US$ juta,2021-08-31,144784.0,Cadangan Devisa BI Menurut Jenis Total Indonesia  US$ 
329339,11164,Cadangan Devisa BI Menurut Jenis,US$ juta,2021-09-30,146870.0,Cadangan Devisa BI Menurut Jenis Total Indonesia  US$ 
329339,11164,Cadangan Devisa BI Menurut Jenis,US$ juta,2021-10-31,145461.0,Cadangan Devisa BI Menurut Jenis Total Indonesia  US$ 
329339,11164,Cadangan Devisa BI Menurut Jenis,US$ juta,2021-11-30,145858.0,Cadangan Devisa BI Menurut Jenis Total Indonesia  US$ 
329339,11164,Cadangan Devisa BI Menurut Jenis,US$ juta,2021-12-31,144905.0,Cadangan Devisa BI Menurut Jenis Total Indonesia  US$ 
329339,11164,Cadangan Devisa BI Menurut Jenis,US$ juta,2022-01-31,141344.0,Cadangan Devisa BI Menurut Jenis Total Indonesia  US$ 
329339,11164,Cadangan Devisa BI Menurut Jenis,US$ juta,2022-02-28,141435.0,Cadangan Devisa BI Menurut Jenis Total Indonesia  US$ 
329339,11164,Cadangan Devisa BI Menurut Jenis,US$ juta,2022-03-31,139129.0,Cadangan Devisa BI Menurut Jenis Total Indonesia  US$ 
329339,11164,Cadangan Devisa BI Menurut Jenis,US$ juta,2022-04-30,135659.0,Cadangan Devisa BI Menurut Jenis Total Indonesia  US$ 
329339,11164,Cadangan Devisa BI Menurut Jenis,US$ juta,2022-05-31,135550.0,Cadangan Devisa BI Menurut Jenis Total Indonesia  US$ 
329339,11164,Cadangan Devisa BI Menurut Jenis,US$ juta,2022-06-30,136379.0,Cadangan Devisa BI Menurut Jenis Total Indonesia  US$ 
329339,11164,Cadangan Devisa BI Menurut Jenis,US$ juta,2022-07-31,132173.0,Cadangan Devisa BI Menurut Jenis Total Indonesia  US$ 
329339,11164,Cadangan Devisa BI Menurut Jenis,US$ juta,2022-08-31,132202.0,Cadangan Devisa BI Menurut Jenis Total Indonesia  US$ 
329339,11164,Cadangan Devisa BI Menurut Jenis,US$ juta,2022-09-30,130782.0,Cadangan Devisa BI Menurut Jenis Total Indonesia  US$ 
329339,11164,Cadangan Devisa BI Menurut Jenis,US$ juta,2022-10-31,130197.0,Cadangan Devisa BI Menurut Jenis Total Indonesia  US$ 
329339,11164,Cadangan Devisa BI Menurut Jenis,US$ juta,2022-11-30,133994.0,Cadangan Devisa BI Menurut Jenis Total Indonesia  US$ 
329339,11164,Cadangan Devisa BI Menurut Jenis,US$ juta,2022-12-31,137233.0,Cadangan Devisa BI Menurut Jenis Total Indonesia  US$ 
329339,11164,Cadangan Devisa BI Menurut Jenis,US$ juta,2023-01-31,139404.0,Cadangan Devisa BI Menurut Jenis Total Indonesia  US$ 
329339,11164,Cadangan Devisa BI Menurut Jenis,US$ juta,2023-02-28,140311.0,Cadangan Devisa BI Menurut Jenis Total Indonesia  US$ 
329339,11164,Cadangan Devisa BI Menurut Jenis,US$ juta,2023-03-31,145189.0,Cadangan Devisa BI Menurut Jenis Total Indonesia  US$ 
329339,11164,Cadangan Devisa BI Menurut Jenis,US$ juta,2023-04-30,144167.0,Cadangan Devisa BI Menurut Jenis Total Indonesia  US$ 
329339,11164,Cadangan Devisa BI Menurut Jenis,US$ juta,2023-05-31,139286.0,Cadangan Devisa BI Menurut Jenis Total Indonesia  US$ 
329339,11164,Cadangan Devisa BI Menurut Jenis,US$ juta,2023-06-30,137541.0,Cadangan Devisa BI Menurut Jenis Total Indonesia  US$ 
329339,11164,Cadangan Devisa BI Menurut Jenis,US$ juta,2023-07-31,137674.0,Cadangan Devisa BI Menurut Jenis Total Indonesia  US$ 
329339,11164,Cadangan Devisa BI Menurut Jenis,US$ juta,2023-08-31,137090.0,Cadangan Devisa BI Menurut Jenis Total Indonesia  US$ 
329339,11164,Cadangan Devisa BI Menurut Jenis,US$ juta,2023-09-30,134856.0,Cadangan Devisa BI Menurut Jenis Total Indonesia  US$ 
329339,11164,Cadangan Devisa BI Menurut Jenis,US$ juta,2023-10-31,133140.0,Cadangan Devisa BI Menurut Jenis Total Indonesia  US$ 
329339,11164,Cadangan Devisa BI Menurut Jenis,US$ juta,2023-11-30,138100.0,Cadangan Devisa BI Menurut Jenis Total Indonesia  US$ 
329339,11164,Cadangan Devisa BI Menurut Jenis,US$ juta,2023-12-31,146384.0,Cadangan Devisa BI Menurut Jenis Total Indonesia  US$ 
329339,11164,Cadangan Devisa BI Menurut Jenis,US$ juta,2024-01-31,145052.0,Cadangan Devisa BI Menurut Jenis Total Indonesia  US$ 
329339,11164,Cadangan Devisa BI Menurut Jenis,US$ juta,2024-02-29,144040.0,Cadangan Devisa BI Menurut Jenis Total Indonesia  US$ 
329339,11164,Cadangan Devisa BI Menurut Jenis,US$ juta,2024-03-31,140390.0,Cadangan Devisa BI Menurut Jenis Total Indonesia  US$ 
329339,11164,Cadangan Devisa BI Menurut Jenis,US$ juta,2024-04-30,136218.0,Cadangan Devisa BI Menurut Jenis Total Indonesia  US$ 
329339,11164,Cadangan Devisa BI Menurut Jenis,US$ juta,2024-05-31,138973.0,Cadangan Devisa BI Menurut Jenis Total Indonesia  US$ 
329339,11164,Cadangan Devisa BI Menurut Jenis,US$ juta,2024-06-30,140177.0,Cadangan Devisa BI Menurut Jenis Total Indonesia  US$ 
329339,11164,Cadangan Devisa BI Menurut Jenis,US$ juta,2024-07-31,145414.0,Cadangan Devisa BI Menurut Jenis Total Indonesia  US$ 
329339,11164,Cadangan Devisa BI Menurut Jenis,US$ juta,2024-08-31,150243.0,Cadangan Devisa BI Menurut Jenis Total Indonesia  US$ 
329339,11164,Cadangan Devisa BI Menurut Jenis,US$ juta,2024-09-30,149922.0,Cadangan Devisa BI Menurut Jenis Total Indonesia  US$ 
329339,11164,Cadangan Devisa BI Menurut Jenis,US$ juta,2024-10-31,151233.0,Cadangan Devisa BI Menurut Jenis Total Indonesia  US$ 
329339,11164,Cadangan Devisa BI Menurut Jenis,US$ juta,2024-11-30,150243.0,Cadangan Devisa BI Menurut Jenis Total Indonesia  US$ 
181121,8453,Total Nilai Ekspor Bulanan,US$,2000-01-31,4394000000.0,Total Nilai Ekspor Impor Bulanan Ekspor Indonesia US$
181121,8453,Total Nilai Ekspor Bulanan,US$,2000-02-29,4793800000.0,Total Nilai Ekspor Impor Bulanan Ekspor Indonesia US$
181121,8453,Total Nilai Ekspor Bulanan,US$,2000-03-31,4951500000.0,Total Nilai Ekspor Impor Bulanan Ekspor Indonesia US$
181121,8453,Total Nilai Ekspor Bulanan,US$,2000-04-30,5012000000.0,Total Nilai Ekspor Impor Bulanan Ekspor Indonesia US$
181121,8453,Total Nilai Ekspor Bulanan,US$,2000-05-31,4858000000.0,Total Nilai Ekspor Impor Bulanan Ekspor Indonesia US$
181121,8453,Total Nilai Ekspor Bulanan,US$,2000-06-30,5346200000.0,Total Nilai Ekspor Impor Bulanan Ekspor Indonesia US$
181121,8453,Total Nilai Ekspor Bulanan,US$,2000-07-31,5391000000.0,Total Nilai Ekspor Impor Bulanan Ekspor Indonesia US$
181121,8453,Total Nilai Ekspor Bulanan,US$,2000-08-31,5576000000.0,Total Nilai Ekspor Impor Bulanan Ekspor Indonesia US$
181121,8453,Total Nilai Ekspor Bulanan,US$,2000-09-30,5772900000.0,Total Nilai Ekspor Impor Bulanan Ekspor Indonesia US$
181121,8453,Total Nilai Ekspor Bulanan,US$,2000-10-31,5563300000.0,Total Nilai Ekspor Impor Bulanan Ekspor Indonesia US$
181121,8453,Total Nilai Ekspor Bulanan,US$,2000-11-30,5239300000.0,Total Nilai Ekspor Impor Bulanan Ekspor Indonesia US$
181121,8453,Total Nilai Ekspor Bulanan,US$,2000-12-31,5226000000.0,Total Nilai Ekspor Impor Bulanan Ekspor Indonesia US$
181121,8453,Total Nilai Ekspor Bulanan,US$,2001-01-31,4890300000.0,Total Nilai Ekspor Impor Bulanan Ekspor Indonesia US$
181121,8453,Total Nilai Ekspor Bulanan,US$,2001-02-28,4738500000.0,Total Nilai Ekspor Impor Bulanan Ekspor Indonesia US$
181121,8453,Total Nilai Ekspor Bulanan,US$,2001-03-31,5238000000.0,Total Nilai Ekspor Impor Bulanan Ekspor Indonesia US$
181121,8453,Total Nilai Ekspor Bulanan,US$,2001-04-30,4785700000.0,Total Nilai Ekspor Impor Bulanan Ekspor Indonesia US$
181121,8453,Total Nilai Ekspor Bulanan,US$,2001-05-31,4850600000.0,Total Nilai Ekspor Impor Bulanan Ekspor Indonesia US$
181121,8453,Total Nilai Ekspor Bulanan,US$,2001-06-30,4846700000.0,Total Nilai Ekspor Impor Bulanan Ekspor Indonesia US$
181121,8453,Total Nilai Ekspor Bulanan,US$,2001-07-31,4865700000.0,Total Nilai Ekspor Impor Bulanan Ekspor Indonesia US$
181121,8453,Total Nilai Ekspor Bulanan,US$,2001-08-31,5123800000.0,Total Nilai Ekspor Impor Bulanan Ekspor Indonesia US$
181121,8453,Total Nilai Ekspor Bulanan,US$,2001-09-30,4350100000.0,Total Nilai Ekspor Impor Bulanan Ekspor Indonesia US$
181121,8453,Total Nilai Ekspor Bulanan,US$,2001-10-31,4519500000.0,Total Nilai Ekspor Impor Bulanan Ekspor Indonesia US$
181121,8453,Total Nilai Ekspor Bulanan,US$,2001-11-30,3894700000.0,Total Nilai Ekspor Impor Bulanan Ekspor Indonesia US$
181121,8453,Total Nilai Ekspor Bulanan,US$,2001-12-31,4217200000.0,Total Nilai Ekspor Impor Bulanan Ekspor Indonesia US$
181121,8453,Total Nilai Ekspor Bulanan,US$,2002-01-31,4087600000.0,Total Nilai Ekspor Impor Bulanan Ekspor Indonesia US$
181121,8453,Total Nilai Ekspor Bulanan,US$,2002-02-28,4197000000.0,Total Nilai Ekspor Impor Bulanan Ekspor Indonesia US$
181121,8453,Total Nilai Ekspor Bulanan,US$,2002-03-31,4554900000.0,Total Nilai Ekspor Impor Bulanan Ekspor Indonesia US$
181121,8453,Total Nilai Ekspor Bulanan,US$,2002-04-30,4801300000.0,Total Nilai Ekspor Impor Bulanan Ekspor Indonesia US$
181121,8453,Total Nilai Ekspor Bulanan,US$,2002-05-31,4725100000.0,Total Nilai Ekspor Impor Bulanan Ekspor Indonesia US$
181121,8453,Total Nilai Ekspor Bulanan,US$,2002-06-30,5094900000.0,Total Nilai Ekspor Impor Bulanan Ekspor Indonesia US$
181121,8453,Total Nilai Ekspor Bulanan,US$,2002-07-31,5001800000.0,Total Nilai Ekspor Impor Bulanan Ekspor Indonesia US$
181121,8453,Total Nilai Ekspor Bulanan,US$,2002-08-31,4927500000.0,Total Nilai Ekspor Impor Bulanan Ekspor Indonesia US$
181121,8453,Total Nilai Ekspor Bulanan,US$,2002-09-30,5142300000.0,Total Nilai Ekspor Impor Bulanan Ekspor Indonesia US$
181121,8453,Total Nilai Ekspor Bulanan,US$,2002-10-31,5328400000.0,Total Nilai Ekspor Impor Bulanan Ekspor Indonesia US$
181121,8453,Total Nilai Ekspor Bulanan,US$,2002-11-30,4437200000.0,Total Nilai Ekspor Impor Bulanan Ekspor Indonesia US$
181121,8453,Total Nilai Ekspor Bulanan,US$,2002-12-31,4860600000.0,Total Nilai Ekspor Impor Bulanan Ekspor Indonesia US$
181121,8453,Total Nilai Ekspor Bulanan,US$,2003-01-31,4997400000.0,Total Nilai Ekspor Impor Bulanan Ekspor Indonesia US$
181121,8453,Total Nilai Ekspor Bulanan,US$,2003-02-28,4980900000.0,Total Nilai Ekspor Impor Bulanan Ekspor Indonesia US$
181121,8453,Total Nilai Ekspor Bulanan,US$,2003-03-31,5161900000.0,Total Nilai Ekspor Impor Bulanan Ekspor Indonesia US$
181121,8453,Total Nilai Ekspor Bulanan,US$,2003-04-30,5057100000.0,Total Nilai Ekspor Impor Bulanan Ekspor Indonesia US$
181121,8453,Total Nilai Ekspor Bulanan,US$,2003-05-31,4960600000.0,Total Nilai Ekspor Impor Bulanan Ekspor Indonesia US$
181121,8453,Total Nilai Ekspor Bulanan,US$,2003-06-30,5295300000.0,Total Nilai Ekspor Impor Bulanan Ekspor Indonesia US$
181121,8453,Total Nilai Ekspor Bulanan,US$,2003-07-31,5271000000.0,Total Nilai Ekspor Impor Bulanan Ekspor Indonesia US$
181121,8453,Total Nilai Ekspor Bulanan,US$,2003-08-31,5023700000.0,Total Nilai Ekspor Impor Bulanan Ekspor Indonesia US$
181121,8453,Total Nilai Ekspor Bulanan,US$,2003-09-30,5056800000.0,Total Nilai Ekspor Impor Bulanan Ekspor Indonesia US$
181121,8453,Total Nilai Ekspor Bulanan,US$,2003-10-31,5057000000.0,Total Nilai Ekspor Impor Bulanan Ekspor Indonesia US$
181121,8453,Total Nilai Ekspor Bulanan,US$,2003-11-30,4961100000.0,Total Nilai Ekspor Impor Bulanan Ekspor Indonesia US$
181121,8453,Total Nilai Ekspor Bulanan,US$,2003-12-31,5235500000.0,Total Nilai Ekspor Impor Bulanan Ekspor Indonesia US$
181121,8453,Total Nilai Ekspor Bulanan,US$,2004-01-31,5043100000.0,Total Nilai Ekspor Impor Bulanan Ekspor Indonesia US$
181121,8453,Total Nilai Ekspor Bulanan,US$,2004-02-29,4907700000.0,Total Nilai Ekspor Impor Bulanan Ekspor Indonesia US$
181121,8453,Total Nilai Ekspor Bulanan,US$,2004-03-31,5086900000.0,Total Nilai Ekspor Impor Bulanan Ekspor Indonesia US$
181121,8453,Total Nilai Ekspor Bulanan,US$,2004-04-30,5275300000.0,Total Nilai Ekspor Impor Bulanan Ekspor Indonesia US$
181121,8453,Total Nilai Ekspor Bulanan,US$,2004-05-31,5590700000.0,Total Nilai Ekspor Impor Bulanan Ekspor Indonesia US$
181121,8453,Total Nilai Ekspor Bulanan,US$,2004-06-30,5930900000.0,Total Nilai Ekspor Impor Bulanan Ekspor Indonesia US$
181121,8453,Total Nilai Ekspor Bulanan,US$,2004-07-31,5968200000.0,Total Nilai Ekspor Impor Bulanan Ekspor Indonesia US$
181121,8453,Total Nilai Ekspor Bulanan,US$,2004-08-31,6391100000.0,Total Nilai Ekspor Impor Bulanan Ekspor Indonesia US$
181121,8453,Total Nilai Ekspor Bulanan,US$,2004-09-30,7240000000.0,Total Nilai Ekspor Impor Bulanan Ekspor Indonesia US$
181121,8453,Total Nilai Ekspor Bulanan,US$,2004-10-31,7404600000.0,Total Nilai Ekspor Impor Bulanan Ekspor Indonesia US$
181121,8453,Total Nilai Ekspor Bulanan,US$,2004-11-30,6119800000.0,Total Nilai Ekspor Impor Bulanan Ekspor Indonesia US$
181121,8453,Total Nilai Ekspor Bulanan,US$,2004-12-31,6626300000.0,Total Nilai Ekspor Impor Bulanan Ekspor Indonesia US$
181121,8453,Total Nilai Ekspor Bulanan,US$,2005-01-31,6132300000.0,Total Nilai Ekspor Impor Bulanan Ekspor Indonesia US$
181121,8453,Total Nilai Ekspor Bulanan,US$,2005-02-28,6381600000.0,Total Nilai Ekspor Impor Bulanan Ekspor Indonesia US$
181121,8453,Total Nilai Ekspor Bulanan,US$,2005-03-31,7364700000.0,Total Nilai Ekspor Impor Bulanan Ekspor Indonesia US$
181121,8453,Total Nilai Ekspor Bulanan,US$,2005-04-30,6790700000.0,Total Nilai Ekspor Impor Bulanan Ekspor Indonesia US$
181121,8453,Total Nilai Ekspor Bulanan,US$,2005-05-31,7185300000.0,Total Nilai Ekspor Impor Bulanan Ekspor Indonesia US$
181121,8453,Total Nilai Ekspor Bulanan,US$,2005-06-30,6894100000.0,Total Nilai Ekspor Impor Bulanan Ekspor Indonesia US$
181121,8453,Total Nilai Ekspor Bulanan,US$,2005-07-31,7153900000.0,Total Nilai Ekspor Impor Bulanan Ekspor Indonesia US$
181121,8453,Total Nilai Ekspor Bulanan,US$,2005-08-31,7274800000.0,Total Nilai Ekspor Impor Bulanan Ekspor Indonesia US$
181121,8453,Total Nilai Ekspor Bulanan,US$,2005-09-30,7521900000.0,Total Nilai Ekspor Impor Bulanan Ekspor Indonesia US$
181121,8453,Total Nilai Ekspor Bulanan,US$,2005-10-31,7951500000.0,Total Nilai Ekspor Impor Bulanan Ekspor Indonesia US$
181121,8453,Total Nilai Ekspor Bulanan,US$,2005-11-30,6885500000.0,Total Nilai Ekspor Impor Bulanan Ekspor Indonesia US$
181121,8453,Total Nilai Ekspor Bulanan,US$,2005-12-31,8123600000.0,Total Nilai Ekspor Impor Bulanan Ekspor Indonesia US$
181121,8453,Total Nilai Ekspor Bulanan,US$,2006-01-31,7558600000.0,Total Nilai Ekspor Impor Bulanan Ekspor Indonesia US$
181121,8453,Total Nilai Ekspor Bulanan,US$,2006-02-28,7397600000.0,Total Nilai Ekspor Impor Bulanan Ekspor Indonesia US$
181121,8453,Total Nilai Ekspor Bulanan,US$,2006-03-31,7495900000.0,Total Nilai Ekspor Impor Bulanan Ekspor Indonesia US$
181121,8453,Total Nilai Ekspor Bulanan,US$,2006-04-30,7641300000.0,Total Nilai Ekspor Impor Bulanan Ekspor Indonesia US$
181121,8453,Total Nilai Ekspor Bulanan,US$,2006-05-31,8369700000.000001,Total Nilai Ekspor Impor Bulanan Ekspor Indonesia US$
181121,8453,Total Nilai Ekspor Bulanan,US$,2006-06-30,8454100000.0,Total Nilai Ekspor Impor Bulanan Ekspor Indonesia US$
181121,8453,Total Nilai Ekspor Bulanan,US$,2006-07-31,8880800000.0,Total Nilai Ekspor Impor Bulanan Ekspor Indonesia US$
181121,8453,Total Nilai Ekspor Bulanan,US$,2006-08-31,8911200000.0,Total Nilai Ekspor Impor Bulanan Ekspor Indonesia US$
181121,8453,Total Nilai Ekspor Bulanan,US$,2006-09-30,8843900000.0,Total Nilai Ekspor Impor Bulanan Ekspor Indonesia US$
181121,8453,Total Nilai Ekspor Bulanan,US$,2006-10-31,8717100000.0,Total Nilai Ekspor Impor Bulanan Ekspor Indonesia US$
181121,8453,Total Nilai Ekspor Bulanan,US$,2006-11-30,8918100000.0,Total Nilai Ekspor Impor Bulanan Ekspor Indonesia US$
181121,8453,Total Nilai Ekspor Bulanan,US$,2006-12-31,9610300000.0,Total Nilai Ekspor Impor Bulanan Ekspor Indonesia US$
181121,8453,Total Nilai Ekspor Bulanan,US$,2007-01-31,8322400000.0,Total Nilai Ekspor Impor Bulanan Ekspor Indonesia US$
181121,8453,Total Nilai Ekspor Bulanan,US$,2007-02-28,8194600000.0,Total Nilai Ekspor Impor Bulanan Ekspor Indonesia US$
181121,8453,Total Nilai Ekspor Bulanan,US$,2007-03-31,9064800000.0,Total Nilai Ekspor Impor Bulanan Ekspor Indonesia US$
181121,8453,Total Nilai Ekspor Bulanan,US$,2007-04-30,8913100000.0,Total Nilai Ekspor Impor Bulanan Ekspor Indonesia US$
181121,8453,Total Nilai Ekspor Bulanan,US$,2007-05-31,9807800000.0,Total Nilai Ekspor Impor Bulanan Ekspor Indonesia US$
181121,8453,Total Nilai Ekspor Bulanan,US$,2007-06-30,9557200000.0,Total Nilai Ekspor Impor Bulanan Ekspor Indonesia US$
181121,8453,Total Nilai Ekspor Bulanan,US$,2007-07-31,10039800000.0,Total Nilai Ekspor Impor Bulanan Ekspor Indonesia US$
181121,8453,Total Nilai Ekspor Bulanan,US$,2007-08-31,9595600000.0,Total Nilai Ekspor Impor Bulanan Ekspor Indonesia US$
181121,8453,Total Nilai Ekspor Bulanan,US$,2007-09-30,9515700000.0,Total Nilai Ekspor Impor Bulanan Ekspor Indonesia US$
181121,8453,Total Nilai Ekspor Bulanan,US$,2007-10-31,10304000000.0,Total Nilai Ekspor Impor Bulanan Ekspor Indonesia US$
181121,8453,Total Nilai Ekspor Bulanan,US$,2007-11-30,9844000000.0,Total Nilai Ekspor Impor Bulanan Ekspor Indonesia US$
181121,8453,Total Nilai Ekspor Bulanan,US$,2007-12-31,10942000000.0,Total Nilai Ekspor Impor Bulanan Ekspor Indonesia US$
181121,8453,Total Nilai Ekspor Bulanan,US$,2008-01-31,11191600000.0,Total Nilai Ekspor Impor Bulanan Ekspor Indonesia US$
181121,8453,Total Nilai Ekspor Bulanan,US$,2008-02-29,10545500000.0,Total Nilai Ekspor Impor Bulanan Ekspor Indonesia US$
181121,8453,Total Nilai Ekspor Bulanan,US$,2008-03-31,12008900000.0,Total Nilai Ekspor Impor Bulanan Ekspor Indonesia US$
181121,8453,Total Nilai Ekspor Bulanan,US$,2008-04-30,10921700000.0,Total Nilai Ekspor Impor Bulanan Ekspor Indonesia US$
181121,8453,Total Nilai Ekspor Bulanan,US$,2008-05-31,12910300000.0,Total Nilai Ekspor Impor Bulanan Ekspor Indonesia US$
181121,8453,Total Nilai Ekspor Bulanan,US$,2008-06-30,12818500000.0,Total Nilai Ekspor Impor Bulanan Ekspor Indonesia US$
181121,8453,Total Nilai Ekspor Bulanan,US$,2008-07-31,12527800000.0,Total Nilai Ekspor Impor Bulanan Ekspor Indonesia US$
181121,8453,Total Nilai Ekspor Bulanan,US$,2008-08-31,12466800000.0,Total Nilai Ekspor Impor Bulanan Ekspor Indonesia US$
181121,8453,Total Nilai Ekspor Bulanan,US$,2008-09-30,12277200000.0,Total Nilai Ekspor Impor Bulanan Ekspor Indonesia US$
181121,8453,Total Nilai Ekspor Bulanan,US$,2008-10-31,10789900000.0,Total Nilai Ekspor Impor Bulanan Ekspor Indonesia US$
181121,8453,Total Nilai Ekspor Bulanan,US$,2008-11-30,9665700000.0,Total Nilai Ekspor Impor Bulanan Ekspor Indonesia US$
181121,8453,Total Nilai Ekspor Bulanan,US$,2008-12-31,8896500000.0,Total Nilai Ekspor Impor Bulanan Ekspor Indonesia US$
181121,8453,Total Nilai Ekspor Bulanan,US$,2009-01-31,7280100000.0,Total Nilai Ekspor Impor Bulanan Ekspor Indonesia US$
181121,8453,Total Nilai Ekspor Bulanan,US$,2009-02-28,7134300000.0,Total Nilai Ekspor Impor Bulanan Ekspor Indonesia US$
181121,8453,Total Nilai Ekspor Bulanan,US$,2009-03-31,8614700000.0,Total Nilai Ekspor Impor Bulanan Ekspor Indonesia US$
181121,8453,Total Nilai Ekspor Bulanan,US$,2009-04-30,8454000000.0,Total Nilai Ekspor Impor Bulanan Ekspor Indonesia US$
181121,8453,Total Nilai Ekspor Bulanan,US$,2009-05-31,9208800000.0,Total Nilai Ekspor Impor Bulanan Ekspor Indonesia US$
181121,8453,Total Nilai Ekspor Bulanan,US$,2009-06-30,9381500000.0,Total Nilai Ekspor Impor Bulanan Ekspor Indonesia US$
181121,8453,Total Nilai Ekspor Bulanan,US$,2009-07-31,9684100000.0,Total Nilai Ekspor Impor Bulanan Ekspor Indonesia US$
181121,8453,Total Nilai Ekspor Bulanan,US$,2009-08-31,10543800000.0,Total Nilai Ekspor Impor Bulanan Ekspor Indonesia US$
181121,8453,Total Nilai Ekspor Bulanan,US$,2009-09-30,9842600000.0,Total Nilai Ekspor Impor Bulanan Ekspor Indonesia US$
181121,8453,Total Nilai Ekspor Bulanan,US$,2009-10-31,12242700000.0,Total Nilai Ekspor Impor Bulanan Ekspor Indonesia US$
181121,8453,Total Nilai Ekspor Bulanan,US$,2009-11-30,10775400000.0,Total Nilai Ekspor Impor Bulanan Ekspor Indonesia US$
181121,8453,Total Nilai Ekspor Bulanan,US$,2009-12-31,13348100000.0,Total Nilai Ekspor Impor Bulanan Ekspor Indonesia US$
181121,8453,Total Nilai Ekspor Bulanan,US$,2010-01-31,11595900000.0,Total Nilai Ekspor Impor Bulanan Ekspor Indonesia US$
181121,8453,Total Nilai Ekspor Bulanan,US$,2010-02-28,11166500000.0,Total Nilai Ekspor Impor Bulanan Ekspor Indonesia US$
181121,8453,Total Nilai Ekspor Bulanan,US$,2010-03-31,12774400000.0,Total Nilai Ekspor Impor Bulanan Ekspor Indonesia US$
181121,8453,Total Nilai Ekspor Bulanan,US$,2010-04-30,12035200000.0,Total Nilai Ekspor Impor Bulanan Ekspor Indonesia US$
181121,8453,Total Nilai Ekspor Bulanan,US$,2010-05-31,12619100000.0,Total Nilai Ekspor Impor Bulanan Ekspor Indonesia US$
181121,8453,Total Nilai Ekspor Bulanan,US$,2010-06-30,12330100000.0,Total Nilai Ekspor Impor Bulanan Ekspor Indonesia US$
181121,8453,Total Nilai Ekspor Bulanan,US$,2010-07-31,12487000000.0,Total Nilai Ekspor Impor Bulanan Ekspor Indonesia US$
181121,8453,Total Nilai Ekspor Bulanan,US$,2010-08-31,13726500000.0,Total Nilai Ekspor Impor Bulanan Ekspor Indonesia US$
181121,8453,Total Nilai Ekspor Bulanan,US$,2010-09-30,12181600000.0,Total Nilai Ekspor Impor Bulanan Ekspor Indonesia US$
181121,8453,Total Nilai Ekspor Bulanan,US$,2010-10-31,14399600000.0,Total Nilai Ekspor Impor Bulanan Ekspor Indonesia US$
181121,8453,Total Nilai Ekspor Bulanan,US$,2010-11-30,15633300000.0,Total Nilai Ekspor Impor Bulanan Ekspor Indonesia US$
181121,8453,Total Nilai Ekspor Bulanan,US$,2010-12-31,16829900000.000002,Total Nilai Ekspor Impor Bulanan Ekspor Indonesia US$
181121,8453,Total Nilai Ekspor Bulanan,US$,2011-01-31,14606200000.0,Total Nilai Ekspor Impor Bulanan Ekspor Indonesia US$
181121,8453,Total Nilai Ekspor Bulanan,US$,2011-02-28,14415300000.0,Total Nilai Ekspor Impor Bulanan Ekspor Indonesia US$
181121,8453,Total Nilai Ekspor Bulanan,US$,2011-03-31,16366000000.0,Total Nilai Ekspor Impor Bulanan Ekspor Indonesia US$
181121,8453,Total Nilai Ekspor Bulanan,US$,2011-04-30,16554200000.0,Total Nilai Ekspor Impor Bulanan Ekspor Indonesia US$
181121,8453,Total Nilai Ekspor Bulanan,US$,2011-05-31,18287400000.0,Total Nilai Ekspor Impor Bulanan Ekspor Indonesia US$
181121,8453,Total Nilai Ekspor Bulanan,US$,2011-06-30,18386900000.0,Total Nilai Ekspor Impor Bulanan Ekspor Indonesia US$
181121,8453,Total Nilai Ekspor Bulanan,US$,2011-07-31,17418500000.0,Total Nilai Ekspor Impor Bulanan Ekspor Indonesia US$
181121,8453,Total Nilai Ekspor Bulanan,US$,2011-08-31,18647800000.0,Total Nilai Ekspor Impor Bulanan Ekspor Indonesia US$
181121,8453,Total Nilai Ekspor Bulanan,US$,2011-09-30,17543400000.0,Total Nilai Ekspor Impor Bulanan Ekspor Indonesia US$
181121,8453,Total Nilai Ekspor Bulanan,US$,2011-10-31,16957700000.0,Total Nilai Ekspor Impor Bulanan Ekspor Indonesia US$
181121,8453,Total Nilai Ekspor Bulanan,US$,2011-11-30,17235500000.0,Total Nilai Ekspor Impor Bulanan Ekspor Indonesia US$
181121,8453,Total Nilai Ekspor Bulanan,US$,2011-12-31,17077700000.0,Total Nilai Ekspor Impor Bulanan Ekspor Indonesia US$
181121,8453,Total Nilai Ekspor Bulanan,US$,2012-01-31,15568100000.0,Total Nilai Ekspor Impor Bulanan Ekspor Indonesia US$
181121,8453,Total Nilai Ekspor Bulanan,US$,2012-02-29,15695400000.0,Total Nilai Ekspor Impor Bulanan Ekspor Indonesia US$
181121,8453,Total Nilai Ekspor Bulanan,US$,2012-03-31,17251500000.0,Total Nilai Ekspor Impor Bulanan Ekspor Indonesia US$
181121,8453,Total Nilai Ekspor Bulanan,US$,2012-04-30,16173200000.0,Total Nilai Ekspor Impor Bulanan Ekspor Indonesia US$
181121,8453,Total Nilai Ekspor Bulanan,US$,2012-05-31,16829500000.0,Total Nilai Ekspor Impor Bulanan Ekspor Indonesia US$
181121,8453,Total Nilai Ekspor Bulanan,US$,2012-06-30,15441500000.0,Total Nilai Ekspor Impor Bulanan Ekspor Indonesia US$
181121,8453,Total Nilai Ekspor Bulanan,US$,2012-07-31,16085100000.0,Total Nilai Ekspor Impor Bulanan Ekspor Indonesia US$
181121,8453,Total Nilai Ekspor Bulanan,US$,2012-08-31,14047000000.0,Total Nilai Ekspor Impor Bulanan Ekspor Indonesia US$
181121,8453,Total Nilai Ekspor Bulanan,US$,2012-09-30,15898100000.0,Total Nilai Ekspor Impor Bulanan Ekspor Indonesia US$
181121,8453,Total Nilai Ekspor Bulanan,US$,2012-10-31,15320000000.0,Total Nilai Ekspor Impor Bulanan Ekspor Indonesia US$
181121,8453,Total Nilai Ekspor Bulanan,US$,2012-11-30,16316900000.0,Total Nilai Ekspor Impor Bulanan Ekspor Indonesia US$
181121,8453,Total Nilai Ekspor Bulanan,US$,2012-12-31,15393900000.0,Total Nilai Ekspor Impor Bulanan Ekspor Indonesia US$
181121,8453,Total Nilai Ekspor Bulanan,US$,2013-01-31,15375500000.0,Total Nilai Ekspor Impor Bulanan Ekspor Indonesia US$
181121,8453,Total Nilai Ekspor Bulanan,US$,2013-02-28,15015600000.0,Total Nilai Ekspor Impor Bulanan Ekspor Indonesia US$
181121,8453,Total Nilai Ekspor Bulanan,US$,2013-03-31,15024600000.0,Total Nilai Ekspor Impor Bulanan Ekspor Indonesia US$
181121,8453,Total Nilai Ekspor Bulanan,US$,2013-04-30,14760900000.0,Total Nilai Ekspor Impor Bulanan Ekspor Indonesia US$
181121,8453,Total Nilai Ekspor Bulanan,US$,2013-05-31,16133400000.0,Total Nilai Ekspor Impor Bulanan Ekspor Indonesia US$
181121,8453,Total Nilai Ekspor Bulanan,US$,2013-06-30,14758800000.0,Total Nilai Ekspor Impor Bulanan Ekspor Indonesia US$
181121,8453,Total Nilai Ekspor Bulanan,US$,2013-07-31,15087900000.0,Total Nilai Ekspor Impor Bulanan Ekspor Indonesia US$
181121,8453,Total Nilai Ekspor Bulanan,US$,2013-08-31,13083700000.0,Total Nilai Ekspor Impor Bulanan Ekspor Indonesia US$
181121,8453,Total Nilai Ekspor Bulanan,US$,2013-09-30,14706800000.0,Total Nilai Ekspor Impor Bulanan Ekspor Indonesia US$
181121,8453,Total Nilai Ekspor Bulanan,US$,2013-10-31,15698300000.0,Total Nilai Ekspor Impor Bulanan Ekspor Indonesia US$
181121,8453,Total Nilai Ekspor Bulanan,US$,2013-11-30,15938600000.0,Total Nilai Ekspor Impor Bulanan Ekspor Indonesia US$
181121,8453,Total Nilai Ekspor Bulanan,US$,2013-12-31,16967800000.0,Total Nilai Ekspor Impor Bulanan Ekspor Indonesia US$
181121,8453,Total Nilai Ekspor Bulanan,US$,2014-01-31,14472300000.0,Total Nilai Ekspor Impor Bulanan Ekspor Indonesia US$
181121,8453,Total Nilai Ekspor Bulanan,US$,2014-02-28,14634100000.0,Total Nilai Ekspor Impor Bulanan Ekspor Indonesia US$
181121,8453,Total Nilai Ekspor Bulanan,US$,2014-03-31,15192600000.0,Total Nilai Ekspor Impor Bulanan Ekspor Indonesia US$
181121,8453,Total Nilai Ekspor Bulanan,US$,2014-04-30,14292500000.0,Total Nilai Ekspor Impor Bulanan Ekspor Indonesia US$
181121,8453,Total Nilai Ekspor Bulanan,US$,2014-05-31,14823600000.0,Total Nilai Ekspor Impor Bulanan Ekspor Indonesia US$
181121,8453,Total Nilai Ekspor Bulanan,US$,2014-06-30,15409500000.0,Total Nilai Ekspor Impor Bulanan Ekspor Indonesia US$
181121,8453,Total Nilai Ekspor Bulanan,US$,2014-07-31,14124100000.0,Total Nilai Ekspor Impor Bulanan Ekspor Indonesia US$
181121,8453,Total Nilai Ekspor Bulanan,US$,2014-08-31,14481600000.0,Total Nilai Ekspor Impor Bulanan Ekspor Indonesia US$
181121,8453,Total Nilai Ekspor Bulanan,US$,2014-09-30,15275800000.0,Total Nilai Ekspor Impor Bulanan Ekspor Indonesia US$
181121,8453,Total Nilai Ekspor Bulanan,US$,2014-10-31,15292800000.0,Total Nilai Ekspor Impor Bulanan Ekspor Indonesia US$
181121,8453,Total Nilai Ekspor Bulanan,US$,2014-11-30,13544700000.0,Total Nilai Ekspor Impor Bulanan Ekspor Indonesia US$
181121,8453,Total Nilai Ekspor Bulanan,US$,2014-12-31,14436300000.0,Total Nilai Ekspor Impor Bulanan Ekspor Indonesia US$
181121,8453,Total Nilai Ekspor Bulanan,US$,2015-01-31,13244900000.0,Total Nilai Ekspor Impor Bulanan Ekspor Indonesia US$
181121,8453,Total Nilai Ekspor Bulanan,US$,2015-02-28,12172800000.0,Total Nilai Ekspor Impor Bulanan Ekspor Indonesia US$
181121,8453,Total Nilai Ekspor Bulanan,US$,2015-03-31,13634000000.0,Total Nilai Ekspor Impor Bulanan Ekspor Indonesia US$
181121,8453,Total Nilai Ekspor Bulanan,US$,2015-04-30,13104600000.0,Total Nilai Ekspor Impor Bulanan Ekspor Indonesia US$
181121,8453,Total Nilai Ekspor Bulanan,US$,2015-05-31,12754700000.0,Total Nilai Ekspor Impor Bulanan Ekspor Indonesia US$
181121,8453,Total Nilai Ekspor Bulanan,US$,2015-06-30,13514100000.0,Total Nilai Ekspor Impor Bulanan Ekspor Indonesia US$
181121,8453,Total Nilai Ekspor Bulanan,US$,2015-07-31,11465800000.0,Total Nilai Ekspor Impor Bulanan Ekspor Indonesia US$
181121,8453,Total Nilai Ekspor Bulanan,US$,2015-08-31,12726000000.0,Total Nilai Ekspor Impor Bulanan Ekspor Indonesia US$
181121,8453,Total Nilai Ekspor Bulanan,US$,2015-09-30,12588400000.0,Total Nilai Ekspor Impor Bulanan Ekspor Indonesia US$
181121,8453,Total Nilai Ekspor Bulanan,US$,2015-10-31,12121700000.0,Total Nilai Ekspor Impor Bulanan Ekspor Indonesia US$
181121,8453,Total Nilai Ekspor Bulanan,US$,2015-11-30,11122200000.0,Total Nilai Ekspor Impor Bulanan Ekspor Indonesia US$
181121,8453,Total Nilai Ekspor Bulanan,US$,2015-12-31,11917100000.0,Total Nilai Ekspor Impor Bulanan Ekspor Indonesia US$
181121,8453,Total Nilai Ekspor Bulanan,US$,2016-01-31,10581900000.0,Total Nilai Ekspor Impor Bulanan Ekspor Indonesia US$
181121,8453,Total Nilai Ekspor Bulanan,US$,2016-02-29,11316700000.0,Total Nilai Ekspor Impor Bulanan Ekspor Indonesia US$
181121,8453,Total Nilai Ekspor Bulanan,US$,2016-03-31,11812100000.0,Total Nilai Ekspor Impor Bulanan Ekspor Indonesia US$
181121,8453,Total Nilai Ekspor Bulanan,US$,2016-04-30,11689700000.0,Total Nilai Ekspor Impor Bulanan Ekspor Indonesia US$
181121,8453,Total Nilai Ekspor Bulanan,US$,2016-05-31,11517400000.0,Total Nilai Ekspor Impor Bulanan Ekspor Indonesia US$
181121,8453,Total Nilai Ekspor Bulanan,US$,2016-06-30,13206100000.0,Total Nilai Ekspor Impor Bulanan Ekspor Indonesia US$
181121,8453,Total Nilai Ekspor Bulanan,US$,2016-07-31,9649500000.0,Total Nilai Ekspor Impor Bulanan Ekspor Indonesia US$
181121,8453,Total Nilai Ekspor Bulanan,US$,2016-08-31,12701700000.0,Total Nilai Ekspor Impor Bulanan Ekspor Indonesia US$
181121,8453,Total Nilai Ekspor Bulanan,US$,2016-09-30,12579800000.0,Total Nilai Ekspor Impor Bulanan Ekspor Indonesia US$
181121,8453,Total Nilai Ekspor Bulanan,US$,2016-10-31,12743700000.0,Total Nilai Ekspor Impor Bulanan Ekspor Indonesia US$
181121,8453,Total Nilai Ekspor Bulanan,US$,2016-11-30,13502900000.0,Total Nilai Ekspor Impor Bulanan Ekspor Indonesia US$
181121,8453,Total Nilai Ekspor Bulanan,US$,2016-12-31,13832400000.0,Total Nilai Ekspor Impor Bulanan Ekspor Indonesia US$
181121,8453,Total Nilai Ekspor Bulanan,US$,2017-01-31,13397700000.0,Total Nilai Ekspor Impor Bulanan Ekspor Indonesia US$
181121,8453,Total Nilai Ekspor Bulanan,US$,2017-02-28,12616000000.0,Total Nilai Ekspor Impor Bulanan Ekspor Indonesia US$
181121,8453,Total Nilai Ekspor Bulanan,US$,2017-03-31,14718500000.0,Total Nilai Ekspor Impor Bulanan Ekspor Indonesia US$
181121,8453,Total Nilai Ekspor Bulanan,US$,2017-04-30,13269700000.0,Total Nilai Ekspor Impor Bulanan Ekspor Indonesia US$
181121,8453,Total Nilai Ekspor Bulanan,US$,2017-05-31,14333900000.0,Total Nilai Ekspor Impor Bulanan Ekspor Indonesia US$
181121,8453,Total Nilai Ekspor Bulanan,US$,2017-06-30,11661400000.0,Total Nilai Ekspor Impor Bulanan Ekspor Indonesia US$
181121,8453,Total Nilai Ekspor Bulanan,US$,2017-07-31,13611100000.0,Total Nilai Ekspor Impor Bulanan Ekspor Indonesia US$
181121,8453,Total Nilai Ekspor Bulanan,US$,2017-08-31,15188000000.0,Total Nilai Ekspor Impor Bulanan Ekspor Indonesia US$
181121,8453,Total Nilai Ekspor Bulanan,US$,2017-09-30,14580200000.0,Total Nilai Ekspor Impor Bulanan Ekspor Indonesia US$
181121,8453,Total Nilai Ekspor Bulanan,US$,2017-10-31,15252600000.0,Total Nilai Ekspor Impor Bulanan Ekspor Indonesia US$
181121,8453,Total Nilai Ekspor Bulanan,US$,2017-11-30,15334700000.0,Total Nilai Ekspor Impor Bulanan Ekspor Indonesia US$
181121,8453,Total Nilai Ekspor Bulanan,US$,2017-12-31,14864500000.0,Total Nilai Ekspor Impor Bulanan Ekspor Indonesia US$
181121,8453,Total Nilai Ekspor Bulanan,US$,2018-01-31,14576300000.0,Total Nilai Ekspor Impor Bulanan Ekspor Indonesia US$
181121,8453,Total Nilai Ekspor Bulanan,US$,2018-02-28,14132400000.0,Total Nilai Ekspor Impor Bulanan Ekspor Indonesia US$
181121,8453,Total Nilai Ekspor Bulanan,US$,2018-03-31,15510600000.0,Total Nilai Ekspor Impor Bulanan Ekspor Indonesia US$
181121,8453,Total Nilai Ekspor Bulanan,US$,2018-04-30,14496200000.0,Total Nilai Ekspor Impor Bulanan Ekspor Indonesia US$
181121,8453,Total Nilai Ekspor Bulanan,US$,2018-05-31,16198300000.0,Total Nilai Ekspor Impor Bulanan Ekspor Indonesia US$
181121,8453,Total Nilai Ekspor Bulanan,US$,2018-06-30,12941700000.0,Total Nilai Ekspor Impor Bulanan Ekspor Indonesia US$
181121,8453,Total Nilai Ekspor Bulanan,US$,2018-07-31,16284700000.0,Total Nilai Ekspor Impor Bulanan Ekspor Indonesia US$
181121,8453,Total Nilai Ekspor Bulanan,US$,2018-08-31,15865100000.0,Total Nilai Ekspor Impor Bulanan Ekspor Indonesia US$
181121,8453,Total Nilai Ekspor Bulanan,US$,2018-09-30,14956300000.0,Total Nilai Ekspor Impor Bulanan Ekspor Indonesia US$
181121,8453,Total Nilai Ekspor Bulanan,US$,2018-10-31,15909100000.0,Total Nilai Ekspor Impor Bulanan Ekspor Indonesia US$
181121,8453,Total Nilai Ekspor Bulanan,US$,2018-11-30,14851700000.0,Total Nilai Ekspor Impor Bulanan Ekspor Indonesia US$
181121,8453,Total Nilai Ekspor Bulanan,US$,2018-12-31,14290100000.0,Total Nilai Ekspor Impor Bulanan Ekspor Indonesia US$
181121,8453,Total Nilai Ekspor Bulanan,US$,2019-01-31,14028100000.0,Total Nilai Ekspor Impor Bulanan Ekspor Indonesia US$
181121,8453,Total Nilai Ekspor Bulanan,US$,2019-02-28,12788600000.0,Total Nilai Ekspor Impor Bulanan Ekspor Indonesia US$
181121,8453,Total Nilai Ekspor Bulanan,US$,2019-03-31,14447800000.0,Total Nilai Ekspor Impor Bulanan Ekspor Indonesia US$
181121,8453,Total Nilai Ekspor Bulanan,US$,2019-04-30,13068100000.0,Total Nilai Ekspor Impor Bulanan Ekspor Indonesia US$
181121,8453,Total Nilai Ekspor Bulanan,US$,2019-05-31,14751800000.0,Total Nilai Ekspor Impor Bulanan Ekspor Indonesia US$
181121,8453,Total Nilai Ekspor Bulanan,US$,2019-06-30,11763300000.0,Total Nilai Ekspor Impor Bulanan Ekspor Indonesia US$
181121,8453,Total Nilai Ekspor Bulanan,US$,2019-07-31,15238400000.0,Total Nilai Ekspor Impor Bulanan Ekspor Indonesia US$
181121,8453,Total Nilai Ekspor Bulanan,US$,2019-08-31,14262000000.0,Total Nilai Ekspor Impor Bulanan Ekspor Indonesia US$
181121,8453,Total Nilai Ekspor Bulanan,US$,2019-09-30,14080100000.0,Total Nilai Ekspor Impor Bulanan Ekspor Indonesia US$
181121,8453,Total Nilai Ekspor Bulanan,US$,2019-10-31,14881500000.0,Total Nilai Ekspor Impor Bulanan Ekspor Indonesia US$
181121,8453,Total Nilai Ekspor Bulanan,US$,2019-11-30,13944500000.0,Total Nilai Ekspor Impor Bulanan Ekspor Indonesia US$
181121,8453,Total Nilai Ekspor Bulanan,US$,2019-12-31,14428800000.0,Total Nilai Ekspor Impor Bulanan Ekspor Indonesia US$
181121,8453,Total Nilai Ekspor Bulanan,US$,2020-01-31,13636400000.0,Total Nilai Ekspor Impor Bulanan Ekspor Indonesia US$
181121,8453,Total Nilai Ekspor Bulanan,US$,2020-02-29,14042100000.0,Total Nilai Ekspor Impor Bulanan Ekspor Indonesia US$
181121,8453,Total Nilai Ekspor Bulanan,US$,2020-03-31,14031300000.0,Total Nilai Ekspor Impor Bulanan Ekspor Indonesia US$
181121,8453,Total Nilai Ekspor Bulanan,US$,2020-04-30,12159800000.0,Total Nilai Ekspor Impor Bulanan Ekspor Indonesia US$
181121,8453,Total Nilai Ekspor Bulanan,US$,2020-05-31,10452600000.0,Total Nilai Ekspor Impor Bulanan Ekspor Indonesia US$
181121,8453,Total Nilai Ekspor Bulanan,US$,2020-06-30,12006800000.0,Total Nilai Ekspor Impor Bulanan Ekspor Indonesia US$
181121,8453,Total Nilai Ekspor Bulanan,US$,2020-07-31,13689900000.0,Total Nilai Ekspor Impor Bulanan Ekspor Indonesia US$
181121,8453,Total Nilai Ekspor Bulanan,US$,2020-08-31,13055300000.0,Total Nilai Ekspor Impor Bulanan Ekspor Indonesia US$
181121,8453,Total Nilai Ekspor Bulanan,US$,2020-09-30,13956200000.0,Total Nilai Ekspor Impor Bulanan Ekspor Indonesia US$
181121,8453,Total Nilai Ekspor Bulanan,US$,2020-10-31,14363400000.0,Total Nilai Ekspor Impor Bulanan Ekspor Indonesia US$
181121,8453,Total Nilai Ekspor Bulanan,US$,2020-11-30,15258400000.0,Total Nilai Ekspor Impor Bulanan Ekspor Indonesia US$
181121,8453,Total Nilai Ekspor Bulanan,US$,2020-12-31,16539599999.999998,Total Nilai Ekspor Impor Bulanan Ekspor Indonesia US$
181121,8453,Total Nilai Ekspor Bulanan,US$,2021-01-31,15300200000.0,Total Nilai Ekspor Impor Bulanan Ekspor Indonesia US$
181121,8453,Total Nilai Ekspor Bulanan,US$,2021-02-28,15255400000.0,Total Nilai Ekspor Impor Bulanan Ekspor Indonesia US$
181121,8453,Total Nilai Ekspor Bulanan,US$,2021-03-31,18398400000.0,Total Nilai Ekspor Impor Bulanan Ekspor Indonesia US$
181121,8453,Total Nilai Ekspor Bulanan,US$,2021-04-30,18474100000.0,Total Nilai Ekspor Impor Bulanan Ekspor Indonesia US$
181121,8453,Total Nilai Ekspor Bulanan,US$,2021-05-31,16908000000.0,Total Nilai Ekspor Impor Bulanan Ekspor Indonesia US$
181121,8453,Total Nilai Ekspor Bulanan,US$,2021-06-30,18547800000.0,Total Nilai Ekspor Impor Bulanan Ekspor Indonesia US$
181121,8453,Total Nilai Ekspor Bulanan,US$,2021-07-31,19369600000.0,Total Nilai Ekspor Impor Bulanan Ekspor Indonesia US$
181121,8453,Total Nilai Ekspor Bulanan,US$,2021-08-31,21443200000.0,Total Nilai Ekspor Impor Bulanan Ekspor Indonesia US$
181121,8453,Total Nilai Ekspor Bulanan,US$,2021-09-30,20618800000.0,Total Nilai Ekspor Impor Bulanan Ekspor Indonesia US$
181121,8453,Total Nilai Ekspor Bulanan,US$,2021-10-31,22091000000.0,Total Nilai Ekspor Impor Bulanan Ekspor Indonesia US$
181121,8453,Total Nilai Ekspor Bulanan,US$,2021-11-30,22845400000.0,Total Nilai Ekspor Impor Bulanan Ekspor Indonesia US$
181121,8453,Total Nilai Ekspor Bulanan,US$,2021-12-31,22357700000.0,Total Nilai Ekspor Impor Bulanan Ekspor Indonesia US$
181121,8453,Total Nilai Ekspor Bulanan,US$,2022-01-31,19143200000.0,Total Nilai Ekspor Impor Bulanan Ekspor Indonesia US$
181121,8453,Total Nilai Ekspor Bulanan,US$,2022-02-28,20489100000.0,Total Nilai Ekspor Impor Bulanan Ekspor Indonesia US$
181121,8453,Total Nilai Ekspor Bulanan,US$,2022-03-31,26586700000.0,Total Nilai Ekspor Impor Bulanan Ekspor Indonesia US$
181121,8453,Total Nilai Ekspor Bulanan,US$,2022-04-30,27316200000.0,Total Nilai Ekspor Impor Bulanan Ekspor Indonesia US$
181121,8453,Total Nilai Ekspor Bulanan,US$,2022-05-31,21493300000.0,Total Nilai Ekspor Impor Bulanan Ekspor Indonesia US$
181121,8453,Total Nilai Ekspor Bulanan,US$,2022-06-30,26141000000.0,Total Nilai Ekspor Impor Bulanan Ekspor Indonesia US$
181121,8453,Total Nilai Ekspor Bulanan,US$,2022-07-31,25473400000.0,Total Nilai Ekspor Impor Bulanan Ekspor Indonesia US$
181121,8453,Total Nilai Ekspor Bulanan,US$,2022-08-31,27928700000.0,Total Nilai Ekspor Impor Bulanan Ekspor Indonesia US$
181121,8453,Total Nilai Ekspor Bulanan,US$,2022-09-30,24764500000.0,Total Nilai Ekspor Impor Bulanan Ekspor Indonesia US$
181121,8453,Total Nilai Ekspor Bulanan,US$,2022-10-31,24726300000.0,Total Nilai Ekspor Impor Bulanan Ekspor Indonesia US$
181121,8453,Total Nilai Ekspor Bulanan,US$,2022-11-30,24059100000.0,Total Nilai Ekspor Impor Bulanan Ekspor Indonesia US$
181121,8453,Total Nilai Ekspor Bulanan,US$,2022-12-31,23782700000.0,Total Nilai Ekspor Impor Bulanan Ekspor Indonesia US$
181121,8453,Total Nilai Ekspor Bulanan,US$,2023-01-31,22320700000.0,Total Nilai Ekspor Impor Bulanan Ekspor Indonesia US$
181121,8453,Total Nilai Ekspor Bulanan,US$,2023-02-28,21319700000.0,Total Nilai Ekspor Impor Bulanan Ekspor Indonesia US$
181121,8453,Total Nilai Ekspor Bulanan,US$,2023-03-31,23413900000.0,Total Nilai Ekspor Impor Bulanan Ekspor Indonesia US$
181121,8453,Total Nilai Ekspor Bulanan,US$,2023-04-30,19280400000.0,Total Nilai Ekspor Impor Bulanan Ekspor Indonesia US$
181121,8453,Total Nilai Ekspor Bulanan,US$,2023-05-31,21706500000.0,Total Nilai Ekspor Impor Bulanan Ekspor Indonesia US$
181121,8453,Total Nilai Ekspor Bulanan,US$,2023-06-30,20599000000.0,Total Nilai Ekspor Impor Bulanan Ekspor Indonesia US$
181121,8453,Total Nilai Ekspor Bulanan,US$,2023-07-31,20861300000.0,Total Nilai Ekspor Impor Bulanan Ekspor Indonesia US$
181121,8453,Total Nilai Ekspor Bulanan,US$,2023-08-31,21996300000.0,Total Nilai Ekspor Impor Bulanan Ekspor Indonesia US$
181121,8453,Total Nilai Ekspor Bulanan,US$,2023-09-30,20744900000.0,Total Nilai Ekspor Impor Bulanan Ekspor Indonesia US$
181121,8453,Total Nilai Ekspor Bulanan,US$,2023-10-31,22144500000.0,Total Nilai Ekspor Impor Bulanan Ekspor Indonesia US$
181121,8453,Total Nilai Ekspor Bulanan,US$,2023-11-30,21995900000.0,Total Nilai Ekspor Impor Bulanan Ekspor Indonesia US$
181121,8453,Total Nilai Ekspor Bulanan,US$,2023-12-31,22391200000.0,Total Nilai Ekspor Impor Bulanan Ekspor Indonesia US$
181121,8453,Total Nilai Ekspor Bulanan,US$,2024-01-31,20493100000.0,Total Nilai Ekspor Impor Bulanan Ekspor Indonesia US$
181121,8453,Total Nilai Ekspor Bulanan,US$,2024-02-29,19272900000.0,Total Nilai Ekspor Impor Bulanan Ekspor Indonesia US$
181121,8453,Total Nilai Ekspor Bulanan,US$,2024-03-31,22537700000.0,Total Nilai Ekspor Impor Bulanan Ekspor Indonesia US$
181121,8453,Total Nilai Ekspor Bulanan,US$,2024-04-30,19614900000.0,Total Nilai Ekspor Impor Bulanan Ekspor Indonesia US$
181121,8453,Total Nilai Ekspor Bulanan,US$,2024-05-31,22325500000.0,Total Nilai Ekspor Impor Bulanan Ekspor Indonesia US$
181121,8453,Total Nilai Ekspor Bulanan,US$,2024-06-30,20845100000.0,Total Nilai Ekspor Impor Bulanan Ekspor Indonesia US$
181121,8453,Total Nilai Ekspor Bulanan,US$,2024-07-31,22237300000.0,Total Nilai Ekspor Impor Bulanan Ekspor Indonesia US$
181121,8453,Total Nilai Ekspor Bulanan,US$,2024-08-31,23440300000.0,Total Nilai Ekspor Impor Bulanan Ekspor Indonesia US$
181121,8453,Total Nilai Ekspor Bulanan,US$,2024-09-30,22055500000.0,Total Nilai Ekspor Impor Bulanan Ekspor Indonesia US$
181121,8453,Total Nilai Ekspor Bulanan,US$,2024-10-31,24421600000.0,Total Nilai Ekspor Impor Bulanan Ekspor Indonesia US$
181121,8453,Total Nilai Ekspor Bulanan,US$,2024-11-30,23998200000.0,Total Nilai Ekspor Impor Bulanan Ekspor Indonesia US$
181121,8453,Total Nilai Ekspor Bulanan,US$,2024-12-31,23461000000.0,Total Nilai Ekspor Impor Bulanan Ekspor Indonesia US$
181124,8453,Total Nilai Impor Bulanan,US$,2000-01-31,2169500000.0,Total Nilai Ekspor Impor Bulanan Impor Indonesia US$
181124,8453,Total Nilai Impor Bulanan,US$,2000-02-29,2120400000.0,Total Nilai Ekspor Impor Bulanan Impor Indonesia US$
181124,8453,Total Nilai Impor Bulanan,US$,2000-03-31,2265100000.0,Total Nilai Ekspor Impor Bulanan Impor Indonesia US$
181124,8453,Total Nilai Impor Bulanan,US$,2000-04-30,2338900000.0,Total Nilai Ekspor Impor Bulanan Impor Indonesia US$
181124,8453,Total Nilai Impor Bulanan,US$,2000-05-31,2383600000.0,Total Nilai Ekspor Impor Bulanan Impor Indonesia US$
181124,8453,Total Nilai Impor Bulanan,US$,2000-06-30,2473500000.0,Total Nilai Ekspor Impor Bulanan Impor Indonesia US$
181124,8453,Total Nilai Impor Bulanan,US$,2000-07-31,2687200000.0,Total Nilai Ekspor Impor Bulanan Impor Indonesia US$
181124,8453,Total Nilai Impor Bulanan,US$,2000-08-31,3236500000.0,Total Nilai Ekspor Impor Bulanan Impor Indonesia US$
181124,8453,Total Nilai Impor Bulanan,US$,2000-09-30,3446200000.0,Total Nilai Ekspor Impor Bulanan Impor Indonesia US$
181124,8453,Total Nilai Impor Bulanan,US$,2000-10-31,3488300000.0,Total Nilai Ekspor Impor Bulanan Impor Indonesia US$
181124,8453,Total Nilai Impor Bulanan,US$,2000-11-30,3573900000.0,Total Nilai Ekspor Impor Bulanan Impor Indonesia US$
181124,8453,Total Nilai Impor Bulanan,US$,2000-12-31,3331700000.0,Total Nilai Ekspor Impor Bulanan Impor Indonesia US$
181124,8453,Total Nilai Impor Bulanan,US$,2001-01-31,2941100000.0,Total Nilai Ekspor Impor Bulanan Impor Indonesia US$
181124,8453,Total Nilai Impor Bulanan,US$,2001-02-28,3177300000.0,Total Nilai Ekspor Impor Bulanan Impor Indonesia US$
181124,8453,Total Nilai Impor Bulanan,US$,2001-03-31,3094400000.0,Total Nilai Ekspor Impor Bulanan Impor Indonesia US$
181124,8453,Total Nilai Impor Bulanan,US$,2001-04-30,2916000000.0,Total Nilai Ekspor Impor Bulanan Impor Indonesia US$
181124,8453,Total Nilai Impor Bulanan,US$,2001-05-31,2912900000.0,Total Nilai Ekspor Impor Bulanan Impor Indonesia US$
181124,8453,Total Nilai Impor Bulanan,US$,2001-06-30,2703200000.0,Total Nilai Ekspor Impor Bulanan Impor Indonesia US$
181124,8453,Total Nilai Impor Bulanan,US$,2001-07-31,2453300000.0,Total Nilai Ekspor Impor Bulanan Impor Indonesia US$
181124,8453,Total Nilai Impor Bulanan,US$,2001-08-31,2349100000.0,Total Nilai Ekspor Impor Bulanan Impor Indonesia US$
181124,8453,Total Nilai Impor Bulanan,US$,2001-09-30,2133000000.0,Total Nilai Ekspor Impor Bulanan Impor Indonesia US$
181124,8453,Total Nilai Impor Bulanan,US$,2001-10-31,2079000000.0,Total Nilai Ekspor Impor Bulanan Impor Indonesia US$
181124,8453,Total Nilai Impor Bulanan,US$,2001-11-30,2117400000.0,Total Nilai Ekspor Impor Bulanan Impor Indonesia US$
181124,8453,Total Nilai Impor Bulanan,US$,2001-12-31,2085400000.0,Total Nilai Ekspor Impor Bulanan Impor Indonesia US$
181124,8453,Total Nilai Impor Bulanan,US$,2002-01-31,2088000000.0,Total Nilai Ekspor Impor Bulanan Impor Indonesia US$
181124,8453,Total Nilai Impor Bulanan,US$,2002-02-28,2182200000.0,Total Nilai Ekspor Impor Bulanan Impor Indonesia US$
181124,8453,Total Nilai Impor Bulanan,US$,2002-03-31,2362700000.0,Total Nilai Ekspor Impor Bulanan Impor Indonesia US$
181124,8453,Total Nilai Impor Bulanan,US$,2002-04-30,2382900000.0,Total Nilai Ekspor Impor Bulanan Impor Indonesia US$
181124,8453,Total Nilai Impor Bulanan,US$,2002-05-31,2498200000.0,Total Nilai Ekspor Impor Bulanan Impor Indonesia US$
181124,8453,Total Nilai Impor Bulanan,US$,2002-06-30,2438900000.0,Total Nilai Ekspor Impor Bulanan Impor Indonesia US$
181124,8453,Total Nilai Impor Bulanan,US$,2002-07-31,2646200000.0,Total Nilai Ekspor Impor Bulanan Impor Indonesia US$
181124,8453,Total Nilai Impor Bulanan,US$,2002-08-31,2823800000.0,Total Nilai Ekspor Impor Bulanan Impor Indonesia US$
181124,8453,Total Nilai Impor Bulanan,US$,2002-09-30,2860200000.0,Total Nilai Ekspor Impor Bulanan Impor Indonesia US$
181124,8453,Total Nilai Impor Bulanan,US$,2002-10-31,3104800000.0,Total Nilai Ekspor Impor Bulanan Impor Indonesia US$
181124,8453,Total Nilai Impor Bulanan,US$,2002-11-30,2955900000.0,Total Nilai Ekspor Impor Bulanan Impor Indonesia US$
181124,8453,Total Nilai Impor Bulanan,US$,2002-12-31,2945100000.0,Total Nilai Ekspor Impor Bulanan Impor Indonesia US$
181124,8453,Total Nilai Impor Bulanan,US$,2003-01-31,2739200000.0,Total Nilai Ekspor Impor Bulanan Impor Indonesia US$
181124,8453,Total Nilai Impor Bulanan,US$,2003-02-28,2818600000.0,Total Nilai Ekspor Impor Bulanan Impor Indonesia US$
181124,8453,Total Nilai Impor Bulanan,US$,2003-03-31,2817500000.0,Total Nilai Ekspor Impor Bulanan Impor Indonesia US$
181124,8453,Total Nilai Impor Bulanan,US$,2003-04-30,2621800000.0,Total Nilai Ekspor Impor Bulanan Impor Indonesia US$
181124,8453,Total Nilai Impor Bulanan,US$,2003-05-31,2575800000.0,Total Nilai Ekspor Impor Bulanan Impor Indonesia US$
181124,8453,Total Nilai Impor Bulanan,US$,2003-06-30,2446900000.0,Total Nilai Ekspor Impor Bulanan Impor Indonesia US$
181124,8453,Total Nilai Impor Bulanan,US$,2003-07-31,2609300000.0,Total Nilai Ekspor Impor Bulanan Impor Indonesia US$
181124,8453,Total Nilai Impor Bulanan,US$,2003-08-31,2696200000.0,Total Nilai Ekspor Impor Bulanan Impor Indonesia US$
181124,8453,Total Nilai Impor Bulanan,US$,2003-09-30,2740300000.0,Total Nilai Ekspor Impor Bulanan Impor Indonesia US$
181124,8453,Total Nilai Impor Bulanan,US$,2003-10-31,2801700000.0,Total Nilai Ekspor Impor Bulanan Impor Indonesia US$
181124,8453,Total Nilai Impor Bulanan,US$,2003-11-30,2798100000.0,Total Nilai Ekspor Impor Bulanan Impor Indonesia US$
181124,8453,Total Nilai Impor Bulanan,US$,2003-12-31,2885300000.0,Total Nilai Ekspor Impor Bulanan Impor Indonesia US$
181124,8453,Total Nilai Impor Bulanan,US$,2004-01-31,3342900000.0,Total Nilai Ekspor Impor Bulanan Impor Indonesia US$
181124,8453,Total Nilai Impor Bulanan,US$,2004-02-29,3389400000.0,Total Nilai Ekspor Impor Bulanan Impor Indonesia US$
181124,8453,Total Nilai Impor Bulanan,US$,2004-03-31,3469700000.0,Total Nilai Ekspor Impor Bulanan Impor Indonesia US$
181124,8453,Total Nilai Impor Bulanan,US$,2004-04-30,3549900000.0,Total Nilai Ekspor Impor Bulanan Impor Indonesia US$
181124,8453,Total Nilai Impor Bulanan,US$,2004-05-31,3429100000.0,Total Nilai Ekspor Impor Bulanan Impor Indonesia US$
181124,8453,Total Nilai Impor Bulanan,US$,2004-06-30,3781900000.0,Total Nilai Ekspor Impor Bulanan Impor Indonesia US$
181124,8453,Total Nilai Impor Bulanan,US$,2004-07-31,4190700000.0,Total Nilai Ekspor Impor Bulanan Impor Indonesia US$
181124,8453,Total Nilai Impor Bulanan,US$,2004-08-31,4100800000.0,Total Nilai Ekspor Impor Bulanan Impor Indonesia US$
181124,8453,Total Nilai Impor Bulanan,US$,2004-09-30,4245500000.0,Total Nilai Ekspor Impor Bulanan Impor Indonesia US$
181124,8453,Total Nilai Impor Bulanan,US$,2004-10-31,4156500000.0,Total Nilai Ekspor Impor Bulanan Impor Indonesia US$
181124,8453,Total Nilai Impor Bulanan,US$,2004-11-30,3895300000.0,Total Nilai Ekspor Impor Bulanan Impor Indonesia US$
181124,8453,Total Nilai Impor Bulanan,US$,2004-12-31,4972800000.0,Total Nilai Ekspor Impor Bulanan Impor Indonesia US$
181124,8453,Total Nilai Impor Bulanan,US$,2005-01-31,4121399999.9999995,Total Nilai Ekspor Impor Bulanan Impor Indonesia US$
181124,8453,Total Nilai Impor Bulanan,US$,2005-02-28,4281600000.0000005,Total Nilai Ekspor Impor Bulanan Impor Indonesia US$
181124,8453,Total Nilai Impor Bulanan,US$,2005-03-31,5177100000.0,Total Nilai Ekspor Impor Bulanan Impor Indonesia US$
181124,8453,Total Nilai Impor Bulanan,US$,2005-04-30,5112500000.0,Total Nilai Ekspor Impor Bulanan Impor Indonesia US$
181124,8453,Total Nilai Impor Bulanan,US$,2005-05-31,4950100000.0,Total Nilai Ekspor Impor Bulanan Impor Indonesia US$
181124,8453,Total Nilai Impor Bulanan,US$,2005-06-30,4820700000.0,Total Nilai Ekspor Impor Bulanan Impor Indonesia US$
181124,8453,Total Nilai Impor Bulanan,US$,2005-07-31,4985500000.0,Total Nilai Ekspor Impor Bulanan Impor Indonesia US$
181124,8453,Total Nilai Impor Bulanan,US$,2005-08-31,5487600000.0,Total Nilai Ekspor Impor Bulanan Impor Indonesia US$
181124,8453,Total Nilai Impor Bulanan,US$,2005-09-30,4920700000.0,Total Nilai Ekspor Impor Bulanan Impor Indonesia US$
181124,8453,Total Nilai Impor Bulanan,US$,2005-10-31,4863500000.0,Total Nilai Ekspor Impor Bulanan Impor Indonesia US$
181124,8453,Total Nilai Impor Bulanan,US$,2005-11-30,4090700000.0,Total Nilai Ekspor Impor Bulanan Impor Indonesia US$
181124,8453,Total Nilai Impor Bulanan,US$,2005-12-31,4889500000.0,Total Nilai Ekspor Impor Bulanan Impor Indonesia US$
181124,8453,Total Nilai Impor Bulanan,US$,2006-01-31,4389000000.0,Total Nilai Ekspor Impor Bulanan Impor Indonesia US$
181124,8453,Total Nilai Impor Bulanan,US$,2006-02-28,4527900000.0,Total Nilai Ekspor Impor Bulanan Impor Indonesia US$
181124,8453,Total Nilai Impor Bulanan,US$,2006-03-31,4410100000.0,Total Nilai Ekspor Impor Bulanan Impor Indonesia US$
181124,8453,Total Nilai Impor Bulanan,US$,2006-04-30,4779700000.0,Total Nilai Ekspor Impor Bulanan Impor Indonesia US$
181124,8453,Total Nilai Impor Bulanan,US$,2006-05-31,5097200000.0,Total Nilai Ekspor Impor Bulanan Impor Indonesia US$
181124,8453,Total Nilai Impor Bulanan,US$,2006-06-30,5724900000.0,Total Nilai Ekspor Impor Bulanan Impor Indonesia US$
181124,8453,Total Nilai Impor Bulanan,US$,2006-07-31,5425000000.0,Total Nilai Ekspor Impor Bulanan Impor Indonesia US$
181124,8453,Total Nilai Impor Bulanan,US$,2006-08-31,5704100000.0,Total Nilai Ekspor Impor Bulanan Impor Indonesia US$
181124,8453,Total Nilai Impor Bulanan,US$,2006-09-30,5647100000.0,Total Nilai Ekspor Impor Bulanan Impor Indonesia US$
181124,8453,Total Nilai Impor Bulanan,US$,2006-10-31,4582000000.0,Total Nilai Ekspor Impor Bulanan Impor Indonesia US$
181124,8453,Total Nilai Impor Bulanan,US$,2006-11-30,5810000000.0,Total Nilai Ekspor Impor Bulanan Impor Indonesia US$
181124,8453,Total Nilai Impor Bulanan,US$,2006-12-31,4968500000.0,Total Nilai Ekspor Impor Bulanan Impor Indonesia US$
181124,8453,Total Nilai Impor Bulanan,US$,2007-01-31,5283500000.0,Total Nilai Ekspor Impor Bulanan Impor Indonesia US$
181124,8453,Total Nilai Impor Bulanan,US$,2007-02-28,4663200000.0,Total Nilai Ekspor Impor Bulanan Impor Indonesia US$
181124,8453,Total Nilai Impor Bulanan,US$,2007-03-31,5646600000.0,Total Nilai Ekspor Impor Bulanan Impor Indonesia US$
181124,8453,Total Nilai Impor Bulanan,US$,2007-04-30,5643600000.0,Total Nilai Ekspor Impor Bulanan Impor Indonesia US$
181124,8453,Total Nilai Impor Bulanan,US$,2007-05-31,6455400000.0,Total Nilai Ekspor Impor Bulanan Impor Indonesia US$
181124,8453,Total Nilai Impor Bulanan,US$,2007-06-30,6014800000.0,Total Nilai Ekspor Impor Bulanan Impor Indonesia US$
181124,8453,Total Nilai Impor Bulanan,US$,2007-07-31,6360500000.0,Total Nilai Ekspor Impor Bulanan Impor Indonesia US$
181124,8453,Total Nilai Impor Bulanan,US$,2007-08-31,6916800000.0,Total Nilai Ekspor Impor Bulanan Impor Indonesia US$
181124,8453,Total Nilai Impor Bulanan,US$,2007-09-30,6791100000.0,Total Nilai Ekspor Impor Bulanan Impor Indonesia US$
181124,8453,Total Nilai Impor Bulanan,US$,2007-10-31,6286000000.0,Total Nilai Ekspor Impor Bulanan Impor Indonesia US$
181124,8453,Total Nilai Impor Bulanan,US$,2007-11-30,7574100000.0,Total Nilai Ekspor Impor Bulanan Impor Indonesia US$
181124,8453,Total Nilai Impor Bulanan,US$,2007-12-31,6837800000.0,Total Nilai Ekspor Impor Bulanan Impor Indonesia US$
181124,8453,Total Nilai Impor Bulanan,US$,2008-01-31,9608100000.0,Total Nilai Ekspor Impor Bulanan Impor Indonesia US$
181124,8453,Total Nilai Impor Bulanan,US$,2008-02-29,9842900000.0,Total Nilai Ekspor Impor Bulanan Impor Indonesia US$
181124,8453,Total Nilai Impor Bulanan,US$,2008-03-31,10276700000.0,Total Nilai Ekspor Impor Bulanan Impor Indonesia US$
181124,8453,Total Nilai Impor Bulanan,US$,2008-04-30,11646600000.0,Total Nilai Ekspor Impor Bulanan Impor Indonesia US$
181124,8453,Total Nilai Impor Bulanan,US$,2008-05-31,11664200000.0,Total Nilai Ekspor Impor Bulanan Impor Indonesia US$
181124,8453,Total Nilai Impor Bulanan,US$,2008-06-30,12110500000.0,Total Nilai Ekspor Impor Bulanan Impor Indonesia US$
181124,8453,Total Nilai Impor Bulanan,US$,2008-07-31,12869800000.0,Total Nilai Ekspor Impor Bulanan Impor Indonesia US$
181124,8453,Total Nilai Impor Bulanan,US$,2008-08-31,12326200000.0,Total Nilai Ekspor Impor Bulanan Impor Indonesia US$
181124,8453,Total Nilai Impor Bulanan,US$,2008-09-30,11342900000.0,Total Nilai Ekspor Impor Bulanan Impor Indonesia US$
181124,8453,Total Nilai Impor Bulanan,US$,2008-10-31,10732500000.0,Total Nilai Ekspor Impor Bulanan Impor Indonesia US$
181124,8453,Total Nilai Impor Bulanan,US$,2008-11-30,9081300000.0,Total Nilai Ekspor Impor Bulanan Impor Indonesia US$
181124,8453,Total Nilai Impor Bulanan,US$,2008-12-31,7695600000.0,Total Nilai Ekspor Impor Bulanan Impor Indonesia US$
181124,8453,Total Nilai Impor Bulanan,US$,2009-01-31,6600600000.0,Total Nilai Ekspor Impor Bulanan Impor Indonesia US$
181124,8453,Total Nilai Impor Bulanan,US$,2009-02-28,5939000000.0,Total Nilai Ekspor Impor Bulanan Impor Indonesia US$
181124,8453,Total Nilai Impor Bulanan,US$,2009-03-31,6554100000.0,Total Nilai Ekspor Impor Bulanan Impor Indonesia US$
181124,8453,Total Nilai Impor Bulanan,US$,2009-04-30,6706800000.0,Total Nilai Ekspor Impor Bulanan Impor Indonesia US$
181124,8453,Total Nilai Impor Bulanan,US$,2009-05-31,7641300000.0,Total Nilai Ekspor Impor Bulanan Impor Indonesia US$
181124,8453,Total Nilai Impor Bulanan,US$,2009-06-30,7935500000.0,Total Nilai Ekspor Impor Bulanan Impor Indonesia US$
181124,8453,Total Nilai Impor Bulanan,US$,2009-07-31,8683300000.0,Total Nilai Ekspor Impor Bulanan Impor Indonesia US$
181124,8453,Total Nilai Impor Bulanan,US$,2009-08-31,9707300000.0,Total Nilai Ekspor Impor Bulanan Impor Indonesia US$
181124,8453,Total Nilai Impor Bulanan,US$,2009-09-30,8516600000.0,Total Nilai Ekspor Impor Bulanan Impor Indonesia US$
181124,8453,Total Nilai Impor Bulanan,US$,2009-10-31,9430100000.0,Total Nilai Ekspor Impor Bulanan Impor Indonesia US$
181124,8453,Total Nilai Impor Bulanan,US$,2009-11-30,8814700000.0,Total Nilai Ekspor Impor Bulanan Impor Indonesia US$
181124,8453,Total Nilai Impor Bulanan,US$,2009-12-31,10299900000.0,Total Nilai Ekspor Impor Bulanan Impor Indonesia US$
181124,8453,Total Nilai Impor Bulanan,US$,2010-01-31,9490500000.0,Total Nilai Ekspor Impor Bulanan Impor Indonesia US$
181124,8453,Total Nilai Impor Bulanan,US$,2010-02-28,9498100000.0,Total Nilai Ekspor Impor Bulanan Impor Indonesia US$
181124,8453,Total Nilai Impor Bulanan,US$,2010-03-31,10972600000.0,Total Nilai Ekspor Impor Bulanan Impor Indonesia US$
181124,8453,Total Nilai Impor Bulanan,US$,2010-04-30,11235800000.0,Total Nilai Ekspor Impor Bulanan Impor Indonesia US$
181124,8453,Total Nilai Impor Bulanan,US$,2010-05-31,9980400000.0,Total Nilai Ekspor Impor Bulanan Impor Indonesia US$
181124,8453,Total Nilai Impor Bulanan,US$,2010-06-30,11760000000.0,Total Nilai Ekspor Impor Bulanan Impor Indonesia US$
181124,8453,Total Nilai Impor Bulanan,US$,2010-07-31,12625900000.0,Total Nilai Ekspor Impor Bulanan Impor Indonesia US$
181124,8453,Total Nilai Impor Bulanan,US$,2010-08-31,12171600000.0,Total Nilai Ekspor Impor Bulanan Impor Indonesia US$
181124,8453,Total Nilai Impor Bulanan,US$,2010-09-30,9654100000.0,Total Nilai Ekspor Impor Bulanan Impor Indonesia US$
181124,8453,Total Nilai Impor Bulanan,US$,2010-10-31,12120000000.0,Total Nilai Ekspor Impor Bulanan Impor Indonesia US$
181124,8453,Total Nilai Impor Bulanan,US$,2010-11-30,13007600000.0,Total Nilai Ekspor Impor Bulanan Impor Indonesia US$
181124,8453,Total Nilai Impor Bulanan,US$,2010-12-31,13146700000.0,Total Nilai Ekspor Impor Bulanan Impor Indonesia US$
181124,8453,Total Nilai Impor Bulanan,US$,2011-01-31,12558700000.0,Total Nilai Ekspor Impor Bulanan Impor Indonesia US$
181124,8453,Total Nilai Impor Bulanan,US$,2011-02-28,11749900000.0,Total Nilai Ekspor Impor Bulanan Impor Indonesia US$
181124,8453,Total Nilai Impor Bulanan,US$,2011-03-31,14486200000.0,Total Nilai Ekspor Impor Bulanan Impor Indonesia US$
181124,8453,Total Nilai Impor Bulanan,US$,2011-04-30,14888200000.0,Total Nilai Ekspor Impor Bulanan Impor Indonesia US$
181124,8453,Total Nilai Impor Bulanan,US$,2011-05-31,14825900000.0,Total Nilai Ekspor Impor Bulanan Impor Indonesia US$
181124,8453,Total Nilai Impor Bulanan,US$,2011-06-30,15072100000.0,Total Nilai Ekspor Impor Bulanan Impor Indonesia US$
181124,8453,Total Nilai Impor Bulanan,US$,2011-07-31,16207300000.0,Total Nilai Ekspor Impor Bulanan Impor Indonesia US$
181124,8453,Total Nilai Impor Bulanan,US$,2011-08-31,15075400000.0,Total Nilai Ekspor Impor Bulanan Impor Indonesia US$
181124,8453,Total Nilai Impor Bulanan,US$,2011-09-30,15169100000.0,Total Nilai Ekspor Impor Bulanan Impor Indonesia US$
181124,8453,Total Nilai Impor Bulanan,US$,2011-10-31,15533400000.0,Total Nilai Ekspor Impor Bulanan Impor Indonesia US$
181124,8453,Total Nilai Impor Bulanan,US$,2011-11-30,15393900000.0,Total Nilai Ekspor Impor Bulanan Impor Indonesia US$
181124,8453,Total Nilai Impor Bulanan,US$,2011-12-31,16475599999.999998,Total Nilai Ekspor Impor Bulanan Impor Indonesia US$
181124,8453,Total Nilai Impor Bulanan,US$,2012-01-31,14554600000.0,Total Nilai Ekspor Impor Bulanan Impor Indonesia US$
181124,8453,Total Nilai Impor Bulanan,US$,2012-02-29,14866800000.0,Total Nilai Ekspor Impor Bulanan Impor Indonesia US$
181124,8453,Total Nilai Impor Bulanan,US$,2012-03-31,16325700000.0,Total Nilai Ekspor Impor Bulanan Impor Indonesia US$
181124,8453,Total Nilai Impor Bulanan,US$,2012-04-30,16937900000.000002,Total Nilai Ekspor Impor Bulanan Impor Indonesia US$
181124,8453,Total Nilai Impor Bulanan,US$,2012-05-31,17036700000.0,Total Nilai Ekspor Impor Bulanan Impor Indonesia US$
181124,8453,Total Nilai Impor Bulanan,US$,2012-06-30,16727500000.0,Total Nilai Ekspor Impor Bulanan Impor Indonesia US$
181124,8453,Total Nilai Impor Bulanan,US$,2012-07-31,16354400000.0,Total Nilai Ekspor Impor Bulanan Impor Indonesia US$
181124,8453,Total Nilai Impor Bulanan,US$,2012-08-31,13813900000.0,Total Nilai Ekspor Impor Bulanan Impor Indonesia US$
181124,8453,Total Nilai Impor Bulanan,US$,2012-09-30,15348600000.0,Total Nilai Ekspor Impor Bulanan Impor Indonesia US$
181124,8453,Total Nilai Impor Bulanan,US$,2012-10-31,17207900000.0,Total Nilai Ekspor Impor Bulanan Impor Indonesia US$
181124,8453,Total Nilai Impor Bulanan,US$,2012-11-30,16935000000.0,Total Nilai Ekspor Impor Bulanan Impor Indonesia US$
181124,8453,Total Nilai Impor Bulanan,US$,2012-12-31,15582000000.0,Total Nilai Ekspor Impor Bulanan Impor Indonesia US$
181124,8453,Total Nilai Impor Bulanan,US$,2013-01-31,15450200000.0,Total Nilai Ekspor Impor Bulanan Impor Indonesia US$
181124,8453,Total Nilai Impor Bulanan,US$,2013-02-28,15313300000.0,Total Nilai Ekspor Impor Bulanan Impor Indonesia US$
181124,8453,Total Nilai Impor Bulanan,US$,2013-03-31,14887100000.0,Total Nilai Ekspor Impor Bulanan Impor Indonesia US$
181124,8453,Total Nilai Impor Bulanan,US$,2013-04-30,16463500000.0,Total Nilai Ekspor Impor Bulanan Impor Indonesia US$
181124,8453,Total Nilai Impor Bulanan,US$,2013-05-31,16660500000.0,Total Nilai Ekspor Impor Bulanan Impor Indonesia US$
181124,8453,Total Nilai Impor Bulanan,US$,2013-06-30,15636000000.0,Total Nilai Ekspor Impor Bulanan Impor Indonesia US$
181124,8453,Total Nilai Impor Bulanan,US$,2013-07-31,17417000000.0,Total Nilai Ekspor Impor Bulanan Impor Indonesia US$
181124,8453,Total Nilai Impor Bulanan,US$,2013-08-31,13012100000.0,Total Nilai Ekspor Impor Bulanan Impor Indonesia US$
181124,8453,Total Nilai Impor Bulanan,US$,2013-09-30,15509800000.0,Total Nilai Ekspor Impor Bulanan Impor Indonesia US$
181124,8453,Total Nilai Impor Bulanan,US$,2013-10-31,15674000000.0,Total Nilai Ekspor Impor Bulanan Impor Indonesia US$
181124,8453,Total Nilai Impor Bulanan,US$,2013-11-30,15149300000.0,Total Nilai Ekspor Impor Bulanan Impor Indonesia US$
181124,8453,Total Nilai Impor Bulanan,US$,2013-12-31,15455900000.0,Total Nilai Ekspor Impor Bulanan Impor Indonesia US$
181124,8453,Total Nilai Impor Bulanan,US$,2014-01-31,14916200000.0,Total Nilai Ekspor Impor Bulanan Impor Indonesia US$
181124,8453,Total Nilai Impor Bulanan,US$,2014-02-28,13790700000.0,Total Nilai Ekspor Impor Bulanan Impor Indonesia US$
181124,8453,Total Nilai Impor Bulanan,US$,2014-03-31,14523700000.0,Total Nilai Ekspor Impor Bulanan Impor Indonesia US$
181124,8453,Total Nilai Impor Bulanan,US$,2014-04-30,16255000000.0,Total Nilai Ekspor Impor Bulanan Impor Indonesia US$
181124,8453,Total Nilai Impor Bulanan,US$,2014-05-31,14770300000.0,Total Nilai Ekspor Impor Bulanan Impor Indonesia US$
181124,8453,Total Nilai Impor Bulanan,US$,2014-06-30,15697800000.0,Total Nilai Ekspor Impor Bulanan Impor Indonesia US$
181124,8453,Total Nilai Impor Bulanan,US$,2014-07-31,14081700000.0,Total Nilai Ekspor Impor Bulanan Impor Indonesia US$
181124,8453,Total Nilai Impor Bulanan,US$,2014-08-31,14793200000.0,Total Nilai Ekspor Impor Bulanan Impor Indonesia US$
181124,8453,Total Nilai Impor Bulanan,US$,2014-09-30,15546100000.0,Total Nilai Ekspor Impor Bulanan Impor Indonesia US$
181124,8453,Total Nilai Impor Bulanan,US$,2014-10-31,15328000000.0,Total Nilai Ekspor Impor Bulanan Impor Indonesia US$
181124,8453,Total Nilai Impor Bulanan,US$,2014-11-30,14041600000.0,Total Nilai Ekspor Impor Bulanan Impor Indonesia US$
181124,8453,Total Nilai Impor Bulanan,US$,2014-12-31,14434500000.0,Total Nilai Ekspor Impor Bulanan Impor Indonesia US$
181124,8453,Total Nilai Impor Bulanan,US$,2015-01-31,12612300000.0,Total Nilai Ekspor Impor Bulanan Impor Indonesia US$
181124,8453,Total Nilai Impor Bulanan,US$,2015-02-28,11510100000.0,Total Nilai Ekspor Impor Bulanan Impor Indonesia US$
181124,8453,Total Nilai Impor Bulanan,US$,2015-03-31,12608700000.0,Total Nilai Ekspor Impor Bulanan Impor Indonesia US$
181124,8453,Total Nilai Impor Bulanan,US$,2015-04-30,12626300000.0,Total Nilai Ekspor Impor Bulanan Impor Indonesia US$
181124,8453,Total Nilai Impor Bulanan,US$,2015-05-31,11613600000.0,Total Nilai Ekspor Impor Bulanan Impor Indonesia US$
181124,8453,Total Nilai Impor Bulanan,US$,2015-06-30,12978100000.0,Total Nilai Ekspor Impor Bulanan Impor Indonesia US$
181124,8453,Total Nilai Impor Bulanan,US$,2015-07-31,10081900000.0,Total Nilai Ekspor Impor Bulanan Impor Indonesia US$
181124,8453,Total Nilai Impor Bulanan,US$,2015-08-31,12399200000.0,Total Nilai Ekspor Impor Bulanan Impor Indonesia US$
181124,8453,Total Nilai Impor Bulanan,US$,2015-09-30,11558600000.0,Total Nilai Ekspor Impor Bulanan Impor Indonesia US$
181124,8453,Total Nilai Impor Bulanan,US$,2015-10-31,11108900000.0,Total Nilai Ekspor Impor Bulanan Impor Indonesia US$
181124,8453,Total Nilai Impor Bulanan,US$,2015-11-30,11519500000.0,Total Nilai Ekspor Impor Bulanan Impor Indonesia US$
181124,8453,Total Nilai Impor Bulanan,US$,2015-12-31,12077300000.0,Total Nilai Ekspor Impor Bulanan Impor Indonesia US$
181124,8453,Total Nilai Impor Bulanan,US$,2016-01-31,10467000000.0,Total Nilai Ekspor Impor Bulanan Impor Indonesia US$
181124,8453,Total Nilai Impor Bulanan,US$,2016-02-29,10175600000.0,Total Nilai Ekspor Impor Bulanan Impor Indonesia US$
181124,8453,Total Nilai Impor Bulanan,US$,2016-03-31,11301700000.0,Total Nilai Ekspor Impor Bulanan Impor Indonesia US$
181124,8453,Total Nilai Impor Bulanan,US$,2016-04-30,10813600000.0,Total Nilai Ekspor Impor Bulanan Impor Indonesia US$
181124,8453,Total Nilai Impor Bulanan,US$,2016-05-31,11140700000.0,Total Nilai Ekspor Impor Bulanan Impor Indonesia US$
181124,8453,Total Nilai Impor Bulanan,US$,2016-06-30,12095200000.0,Total Nilai Ekspor Impor Bulanan Impor Indonesia US$
181124,8453,Total Nilai Impor Bulanan,US$,2016-07-31,9017200000.0,Total Nilai Ekspor Impor Bulanan Impor Indonesia US$
181124,8453,Total Nilai Impor Bulanan,US$,2016-08-31,12385200000.0,Total Nilai Ekspor Impor Bulanan Impor Indonesia US$
181124,8453,Total Nilai Impor Bulanan,US$,2016-09-30,11297500000.0,Total Nilai Ekspor Impor Bulanan Impor Indonesia US$
181124,8453,Total Nilai Impor Bulanan,US$,2016-10-31,11507200000.0,Total Nilai Ekspor Impor Bulanan Impor Indonesia US$
181124,8453,Total Nilai Impor Bulanan,US$,2016-11-30,12669400000.0,Total Nilai Ekspor Impor Bulanan Impor Indonesia US$
181124,8453,Total Nilai Impor Bulanan,US$,2016-12-31,12782500000.0,Total Nilai Ekspor Impor Bulanan Impor Indonesia US$
181124,8453,Total Nilai Impor Bulanan,US$,2017-01-31,11973800000.0,Total Nilai Ekspor Impor Bulanan Impor Indonesia US$
181124,8453,Total Nilai Impor Bulanan,US$,2017-02-28,11359400000.0,Total Nilai Ekspor Impor Bulanan Impor Indonesia US$
181124,8453,Total Nilai Impor Bulanan,US$,2017-03-31,13283200000.0,Total Nilai Ekspor Impor Bulanan Impor Indonesia US$
181124,8453,Total Nilai Impor Bulanan,US$,2017-04-30,11950600000.0,Total Nilai Ekspor Impor Bulanan Impor Indonesia US$
181124,8453,Total Nilai Impor Bulanan,US$,2017-05-31,13772500000.0,Total Nilai Ekspor Impor Bulanan Impor Indonesia US$
181124,8453,Total Nilai Impor Bulanan,US$,2017-06-30,9991600000.0,Total Nilai Ekspor Impor Bulanan Impor Indonesia US$
181124,8453,Total Nilai Impor Bulanan,US$,2017-07-31,13889800000.0,Total Nilai Ekspor Impor Bulanan Impor Indonesia US$
181124,8453,Total Nilai Impor Bulanan,US$,2017-08-31,13509200000.0,Total Nilai Ekspor Impor Bulanan Impor Indonesia US$
181124,8453,Total Nilai Impor Bulanan,US$,2017-09-30,12788200000.0,Total Nilai Ekspor Impor Bulanan Impor Indonesia US$
181124,8453,Total Nilai Impor Bulanan,US$,2017-10-31,14249200000.0,Total Nilai Ekspor Impor Bulanan Impor Indonesia US$
181124,8453,Total Nilai Impor Bulanan,US$,2017-11-30,15113500000.0,Total Nilai Ekspor Impor Bulanan Impor Indonesia US$
181124,8453,Total Nilai Impor Bulanan,US$,2017-12-31,15104500000.0,Total Nilai Ekspor Impor Bulanan Impor Indonesia US$
181124,8453,Total Nilai Impor Bulanan,US$,2018-01-31,15309400000.0,Total Nilai Ekspor Impor Bulanan Impor Indonesia US$
181124,8453,Total Nilai Impor Bulanan,US$,2018-02-28,14185500000.0,Total Nilai Ekspor Impor Bulanan Impor Indonesia US$
181124,8453,Total Nilai Impor Bulanan,US$,2018-03-31,14463600000.0,Total Nilai Ekspor Impor Bulanan Impor Indonesia US$
181124,8453,Total Nilai Impor Bulanan,US$,2018-04-30,16162300000.0,Total Nilai Ekspor Impor Bulanan Impor Indonesia US$
181124,8453,Total Nilai Impor Bulanan,US$,2018-05-31,17662900000.0,Total Nilai Ekspor Impor Bulanan Impor Indonesia US$
181124,8453,Total Nilai Impor Bulanan,US$,2018-06-30,11267900000.0,Total Nilai Ekspor Impor Bulanan Impor Indonesia US$
181124,8453,Total Nilai Impor Bulanan,US$,2018-07-31,18297100000.0,Total Nilai Ekspor Impor Bulanan Impor Indonesia US$
181124,8453,Total Nilai Impor Bulanan,US$,2018-08-31,16818099999.999998,Total Nilai Ekspor Impor Bulanan Impor Indonesia US$
181124,8453,Total Nilai Impor Bulanan,US$,2018-09-30,14610100000.0,Total Nilai Ekspor Impor Bulanan Impor Indonesia US$
181124,8453,Total Nilai Impor Bulanan,US$,2018-10-31,17667600000.0,Total Nilai Ekspor Impor Bulanan Impor Indonesia US$
181124,8453,Total Nilai Impor Bulanan,US$,2018-11-30,16901800000.0,Total Nilai Ekspor Impor Bulanan Impor Indonesia US$
181124,8453,Total Nilai Impor Bulanan,US$,2018-12-31,15364000000.0,Total Nilai Ekspor Impor Bulanan Impor Indonesia US$
181124,8453,Total Nilai Impor Bulanan,US$,2019-01-31,15005200000.0,Total Nilai Ekspor Impor Bulanan Impor Indonesia US$
181124,8453,Total Nilai Impor Bulanan,US$,2019-02-28,12465100000.0,Total Nilai Ekspor Impor Bulanan Impor Indonesia US$
181124,8453,Total Nilai Impor Bulanan,US$,2019-03-31,13746600000.0,Total Nilai Ekspor Impor Bulanan Impor Indonesia US$
181124,8453,Total Nilai Impor Bulanan,US$,2019-04-30,15399100000.0,Total Nilai Ekspor Impor Bulanan Impor Indonesia US$
181124,8453,Total Nilai Impor Bulanan,US$,2019-05-31,14606700000.0,Total Nilai Ekspor Impor Bulanan Impor Indonesia US$
181124,8453,Total Nilai Impor Bulanan,US$,2019-06-30,11495400000.0,Total Nilai Ekspor Impor Bulanan Impor Indonesia US$
181124,8453,Total Nilai Impor Bulanan,US$,2019-07-31,15518500000.0,Total Nilai Ekspor Impor Bulanan Impor Indonesia US$
181124,8453,Total Nilai Impor Bulanan,US$,2019-08-31,14169400000.0,Total Nilai Ekspor Impor Bulanan Impor Indonesia US$
181124,8453,Total Nilai Impor Bulanan,US$,2019-09-30,14263400000.0,Total Nilai Ekspor Impor Bulanan Impor Indonesia US$
181124,8453,Total Nilai Impor Bulanan,US$,2019-10-31,14759100000.0,Total Nilai Ekspor Impor Bulanan Impor Indonesia US$
181124,8453,Total Nilai Impor Bulanan,US$,2019-11-30,15340500000.0,Total Nilai Ekspor Impor Bulanan Impor Indonesia US$
181124,8453,Total Nilai Impor Bulanan,US$,2019-12-31,14506800000.0,Total Nilai Ekspor Impor Bulanan Impor Indonesia US$
181124,8453,Total Nilai Impor Bulanan,US$,2020-01-31,14268700000.0,Total Nilai Ekspor Impor Bulanan Impor Indonesia US$
181124,8453,Total Nilai Impor Bulanan,US$,2020-02-29,11548100000.0,Total Nilai Ekspor Impor Bulanan Impor Indonesia US$
181124,8453,Total Nilai Impor Bulanan,US$,2020-03-31,13352200000.0,Total Nilai Ekspor Impor Bulanan Impor Indonesia US$
181124,8453,Total Nilai Impor Bulanan,US$,2020-04-30,12535200000.0,Total Nilai Ekspor Impor Bulanan Impor Indonesia US$
181124,8453,Total Nilai Impor Bulanan,US$,2020-05-31,8438600000.0,Total Nilai Ekspor Impor Bulanan Impor Indonesia US$
181124,8453,Total Nilai Impor Bulanan,US$,2020-06-30,10760300000.0,Total Nilai Ekspor Impor Bulanan Impor Indonesia US$
181124,8453,Total Nilai Impor Bulanan,US$,2020-07-31,10464300000.0,Total Nilai Ekspor Impor Bulanan Impor Indonesia US$
181124,8453,Total Nilai Impor Bulanan,US$,2020-08-31,10742400000.0,Total Nilai Ekspor Impor Bulanan Impor Indonesia US$
181124,8453,Total Nilai Impor Bulanan,US$,2020-09-30,11570100000.0,Total Nilai Ekspor Impor Bulanan Impor Indonesia US$
181124,8453,Total Nilai Impor Bulanan,US$,2020-10-31,10786000000.0,Total Nilai Ekspor Impor Bulanan Impor Indonesia US$
181124,8453,Total Nilai Impor Bulanan,US$,2020-11-30,12664400000.0,Total Nilai Ekspor Impor Bulanan Impor Indonesia US$
181124,8453,Total Nilai Impor Bulanan,US$,2020-12-31,14438400000.0,Total Nilai Ekspor Impor Bulanan Impor Indonesia US$
181124,8453,Total Nilai Impor Bulanan,US$,2021-01-31,13329900000.0,Total Nilai Ekspor Impor Bulanan Impor Indonesia US$
181124,8453,Total Nilai Impor Bulanan,US$,2021-02-28,13265000000.0,Total Nilai Ekspor Impor Bulanan Impor Indonesia US$
181124,8453,Total Nilai Impor Bulanan,US$,2021-03-31,16787500000.0,Total Nilai Ekspor Impor Bulanan Impor Indonesia US$
181124,8453,Total Nilai Impor Bulanan,US$,2021-04-30,16204300000.0,Total Nilai Ekspor Impor Bulanan Impor Indonesia US$
181124,8453,Total Nilai Impor Bulanan,US$,2021-05-31,14234800000.0,Total Nilai Ekspor Impor Bulanan Impor Indonesia US$
181124,8453,Total Nilai Impor Bulanan,US$,2021-06-30,17218500000.0,Total Nilai Ekspor Impor Bulanan Impor Indonesia US$
181124,8453,Total Nilai Impor Bulanan,US$,2021-07-31,15263100000.0,Total Nilai Ekspor Impor Bulanan Impor Indonesia US$
181124,8453,Total Nilai Impor Bulanan,US$,2021-08-31,16678900000.000002,Total Nilai Ekspor Impor Bulanan Impor Indonesia US$
181124,8453,Total Nilai Impor Bulanan,US$,2021-09-30,16234100000.0,Total Nilai Ekspor Impor Bulanan Impor Indonesia US$
181124,8453,Total Nilai Impor Bulanan,US$,2021-10-31,16293600000.0,Total Nilai Ekspor Impor Bulanan Impor Indonesia US$
181124,8453,Total Nilai Impor Bulanan,US$,2021-11-30,19328200000.0,Total Nilai Ekspor Impor Bulanan Impor Indonesia US$
181124,8453,Total Nilai Impor Bulanan,US$,2021-12-31,21352000000.0,Total Nilai Ekspor Impor Bulanan Impor Indonesia US$
181124,8453,Total Nilai Impor Bulanan,US$,2022-01-31,18211100000.0,Total Nilai Ekspor Impor Bulanan Impor Indonesia US$
181124,8453,Total Nilai Impor Bulanan,US$,2022-02-28,16638500000.0,Total Nilai Ekspor Impor Bulanan Impor Indonesia US$
181124,8453,Total Nilai Impor Bulanan,US$,2022-03-31,21962400000.0,Total Nilai Ekspor Impor Bulanan Impor Indonesia US$
181124,8453,Total Nilai Impor Bulanan,US$,2022-04-30,19757500000.0,Total Nilai Ekspor Impor Bulanan Impor Indonesia US$
181124,8453,Total Nilai Impor Bulanan,US$,2022-05-31,18609300000.0,Total Nilai Ekspor Impor Bulanan Impor Indonesia US$
181124,8453,Total Nilai Impor Bulanan,US$,2022-06-30,21003900000.0,Total Nilai Ekspor Impor Bulanan Impor Indonesia US$
181124,8453,Total Nilai Impor Bulanan,US$,2022-07-31,21345000000.0,Total Nilai Ekspor Impor Bulanan Impor Indonesia US$
181124,8453,Total Nilai Impor Bulanan,US$,2022-08-31,22150600000.0,Total Nilai Ekspor Impor Bulanan Impor Indonesia US$
181124,8453,Total Nilai Impor Bulanan,US$,2022-09-30,19808300000.0,Total Nilai Ekspor Impor Bulanan Impor Indonesia US$
181124,8453,Total Nilai Impor Bulanan,US$,2022-10-31,19135400000.0,Total Nilai Ekspor Impor Bulanan Impor Indonesia US$
181124,8453,Total Nilai Impor Bulanan,US$,2022-11-30,18962100000.0,Total Nilai Ekspor Impor Bulanan Impor Indonesia US$
181124,8453,Total Nilai Impor Bulanan,US$,2022-12-31,19863100000.0,Total Nilai Ekspor Impor Bulanan Impor Indonesia US$
181124,8453,Total Nilai Impor Bulanan,US$,2023-01-31,18442900000.0,Total Nilai Ekspor Impor Bulanan Impor Indonesia US$
181124,8453,Total Nilai Impor Bulanan,US$,2023-02-28,15919200000.0,Total Nilai Ekspor Impor Bulanan Impor Indonesia US$
181124,8453,Total Nilai Impor Bulanan,US$,2023-03-31,20588100000.0,Total Nilai Ekspor Impor Bulanan Impor Indonesia US$
181124,8453,Total Nilai Impor Bulanan,US$,2023-04-30,15347600000.0,Total Nilai Ekspor Impor Bulanan Impor Indonesia US$
181124,8453,Total Nilai Impor Bulanan,US$,2023-05-31,21279600000.0,Total Nilai Ekspor Impor Bulanan Impor Indonesia US$
181124,8453,Total Nilai Impor Bulanan,US$,2023-06-30,17150500000.0,Total Nilai Ekspor Impor Bulanan Impor Indonesia US$
181124,8453,Total Nilai Impor Bulanan,US$,2023-07-31,19570300000.0,Total Nilai Ekspor Impor Bulanan Impor Indonesia US$
181124,8453,Total Nilai Impor Bulanan,US$,2023-08-31,18879800000.0,Total Nilai Ekspor Impor Bulanan Impor Indonesia US$
181124,8453,Total Nilai Impor Bulanan,US$,2023-09-30,17341600000.0,Total Nilai Ekspor Impor Bulanan Impor Indonesia US$
181124,8453,Total Nilai Impor Bulanan,US$,2023-10-31,18672900000.0,Total Nilai Ekspor Impor Bulanan Impor Indonesia US$
181124,8453,Total Nilai Impor Bulanan,US$,2023-11-30,19586500000.0,Total Nilai Ekspor Impor Bulanan Impor Indonesia US$
181124,8453,Total Nilai Impor Bulanan,US$,2023-12-31,19106700000.0,Total Nilai Ekspor Impor Bulanan Impor Indonesia US$
181124,8453,Total Nilai Impor Bulanan,US$,2024-01-31,18494500000.0,Total Nilai Ekspor Impor Bulanan Impor Indonesia US$
181124,8453,Total Nilai Impor Bulanan,US$,2024-02-29,18440200000.0,Total Nilai Ekspor Impor Bulanan Impor Indonesia US$
181124,8453,Total Nilai Impor Bulanan,US$,2024-03-31,17961100000.0,Total Nilai Ekspor Impor Bulanan Impor Indonesia US$
181124,8453,Total Nilai Impor Bulanan,US$,2024-04-30,16895599999.999998,Total Nilai Ekspor Impor Bulanan Impor Indonesia US$
181124,8453,Total Nilai Impor Bulanan,US$,2024-05-31,19399500000.0,Total Nilai Ekspor Impor Bulanan Impor Indonesia US$
181124,8453,Total Nilai Impor Bulanan,US$,2024-06-30,18450300000.0,Total Nilai Ekspor Impor Bulanan Impor Indonesia US$
181124,8453,Total Nilai Impor Bulanan,US$,2024-07-31,21736400000.0,Total Nilai Ekspor Impor Bulanan Impor Indonesia US$
181124,8453,Total Nilai Impor Bulanan,US$,2024-08-31,20665200000.0,Total Nilai Ekspor Impor Bulanan Impor Indonesia US$
181124,8453,Total Nilai Impor Bulanan,US$,2024-09-30,18824600000.0,Total Nilai Ekspor Impor Bulanan Impor Indonesia US$
181124,8453,Total Nilai Impor Bulanan,US$,2024-10-31,21938300000.0,Total Nilai Ekspor Impor Bulanan Impor Indonesia US$
181124,8453,Total Nilai Impor Bulanan,US$,2024-11-30,19631700000.0,Total Nilai Ekspor Impor Bulanan Impor Indonesia US$
181124,8453,Total Nilai Impor Bulanan,US$,2024-12-31,21222100000.0,Total Nilai Ekspor Impor Bulanan Impor Indonesia US$
183171,9350,Pertumbuhan PDB Harga Konstan Menurut Lapangan Usaha Sektoral (Triwulanan YoY),persen,2011-03-31,6.48,Laju Pertumbuhan PDB Harga Konstan (Triwulanan) Perikanan Kota Jakarta Pusat DKI Jakarta Indonesia  % 
183171,9350,Pertumbuhan PDB Harga Konstan Menurut Lapangan Usaha Sektoral (Triwulanan YoY),persen,2011-06-30,6.27,Laju Pertumbuhan PDB Harga Konstan (Triwulanan) Perikanan Kota Jakarta Pusat DKI Jakarta Indonesia  % 
183171,9350,Pertumbuhan PDB Harga Konstan Menurut Lapangan Usaha Sektoral (Triwulanan YoY),persen,2011-09-30,6.01,Laju Pertumbuhan PDB Harga Konstan (Triwulanan) Perikanan Kota Jakarta Pusat DKI Jakarta Indonesia  % 
183171,9350,Pertumbuhan PDB Harga Konstan Menurut Lapangan Usaha Sektoral (Triwulanan YoY),persen,2011-12-31,5.94,Laju Pertumbuhan PDB Harga Konstan (Triwulanan) Perikanan Kota Jakarta Pusat DKI Jakarta Indonesia  % 
183171,9350,Pertumbuhan PDB Harga Konstan Menurut Lapangan Usaha Sektoral (Triwulanan YoY),persen,2012-03-31,6.11,Laju Pertumbuhan PDB Harga Konstan (Triwulanan) Perikanan Kota Jakarta Pusat DKI Jakarta Indonesia  % 
183171,9350,Pertumbuhan PDB Harga Konstan Menurut Lapangan Usaha Sektoral (Triwulanan YoY),persen,2012-06-30,6.21,Laju Pertumbuhan PDB Harga Konstan (Triwulanan) Perikanan Kota Jakarta Pusat DKI Jakarta Indonesia  % 
183171,9350,Pertumbuhan PDB Harga Konstan Menurut Lapangan Usaha Sektoral (Triwulanan YoY),persen,2012-09-30,5.94,Laju Pertumbuhan PDB Harga Konstan (Triwulanan) Perikanan Kota Jakarta Pusat DKI Jakarta Indonesia  % 
183171,9350,Pertumbuhan PDB Harga Konstan Menurut Lapangan Usaha Sektoral (Triwulanan YoY),persen,2012-12-31,5.87,Laju Pertumbuhan PDB Harga Konstan (Triwulanan) Perikanan Kota Jakarta Pusat DKI Jakarta Indonesia  % 
183171,9350,Pertumbuhan PDB Harga Konstan Menurut Lapangan Usaha Sektoral (Triwulanan YoY),persen,2013-03-31,5.54,Laju Pertumbuhan PDB Harga Konstan (Triwulanan) Perikanan Kota Jakarta Pusat DKI Jakarta Indonesia  % 
183171,9350,Pertumbuhan PDB Harga Konstan Menurut Lapangan Usaha Sektoral (Triwulanan YoY),persen,2013-06-30,5.59,Laju Pertumbuhan PDB Harga Konstan (Triwulanan) Perikanan Kota Jakarta Pusat DKI Jakarta Indonesia  % 
183171,9350,Pertumbuhan PDB Harga Konstan Menurut Lapangan Usaha Sektoral (Triwulanan YoY),persen,2013-09-30,5.52,Laju Pertumbuhan PDB Harga Konstan (Triwulanan) Perikanan Kota Jakarta Pusat DKI Jakarta Indonesia  % 
183171,9350,Pertumbuhan PDB Harga Konstan Menurut Lapangan Usaha Sektoral (Triwulanan YoY),persen,2013-12-31,5.58,Laju Pertumbuhan PDB Harga Konstan (Triwulanan) Perikanan Kota Jakarta Pusat DKI Jakarta Indonesia  % 
183171,9350,Pertumbuhan PDB Harga Konstan Menurut Lapangan Usaha Sektoral (Triwulanan YoY),persen,2014-03-31,5.12,Laju Pertumbuhan PDB Harga Konstan (Triwulanan) Perikanan Kota Jakarta Pusat DKI Jakarta Indonesia  % 
183171,9350,Pertumbuhan PDB Harga Konstan Menurut Lapangan Usaha Sektoral (Triwulanan YoY),persen,2014-06-30,4.94,Laju Pertumbuhan PDB Harga Konstan (Triwulanan) Perikanan Kota Jakarta Pusat DKI Jakarta Indonesia  % 
183171,9350,Pertumbuhan PDB Harga Konstan Menurut Lapangan Usaha Sektoral (Triwulanan YoY),persen,2014-09-30,4.93,Laju Pertumbuhan PDB Harga Konstan (Triwulanan) Perikanan Kota Jakarta Pusat DKI Jakarta Indonesia  % 
183171,9350,Pertumbuhan PDB Harga Konstan Menurut Lapangan Usaha Sektoral (Triwulanan YoY),persen,2014-12-31,5.05,Laju Pertumbuhan PDB Harga Konstan (Triwulanan) Perikanan Kota Jakarta Pusat DKI Jakarta Indonesia  % 
183171,9350,Pertumbuhan PDB Harga Konstan Menurut Lapangan Usaha Sektoral (Triwulanan YoY),persen,2015-03-31,4.83,Laju Pertumbuhan PDB Harga Konstan (Triwulanan) Perikanan Kota Jakarta Pusat DKI Jakarta Indonesia  % 
183171,9350,Pertumbuhan PDB Harga Konstan Menurut Lapangan Usaha Sektoral (Triwulanan YoY),persen,2015-06-30,4.74,Laju Pertumbuhan PDB Harga Konstan (Triwulanan) Perikanan Kota Jakarta Pusat DKI Jakarta Indonesia  % 
183171,9350,Pertumbuhan PDB Harga Konstan Menurut Lapangan Usaha Sektoral (Triwulanan YoY),persen,2015-09-30,4.78,Laju Pertumbuhan PDB Harga Konstan (Triwulanan) Perikanan Kota Jakarta Pusat DKI Jakarta Indonesia  % 
183171,9350,Pertumbuhan PDB Harga Konstan Menurut Lapangan Usaha Sektoral (Triwulanan YoY),persen,2015-12-31,5.15,Laju Pertumbuhan PDB Harga Konstan (Triwulanan) Perikanan Kota Jakarta Pusat DKI Jakarta Indonesia  % 
183171,9350,Pertumbuhan PDB Harga Konstan Menurut Lapangan Usaha Sektoral (Triwulanan YoY),persen,2016-03-31,4.94,Laju Pertumbuhan PDB Harga Konstan (Triwulanan) Perikanan Kota Jakarta Pusat DKI Jakarta Indonesia  % 
183171,9350,Pertumbuhan PDB Harga Konstan Menurut Lapangan Usaha Sektoral (Triwulanan YoY),persen,2016-06-30,5.21,Laju Pertumbuhan PDB Harga Konstan (Triwulanan) Perikanan Kota Jakarta Pusat DKI Jakarta Indonesia  % 
183171,9350,Pertumbuhan PDB Harga Konstan Menurut Lapangan Usaha Sektoral (Triwulanan YoY),persen,2016-09-30,5.03,Laju Pertumbuhan PDB Harga Konstan (Triwulanan) Perikanan Kota Jakarta Pusat DKI Jakarta Indonesia  % 
183171,9350,Pertumbuhan PDB Harga Konstan Menurut Lapangan Usaha Sektoral (Triwulanan YoY),persen,2016-12-31,4.94,Laju Pertumbuhan PDB Harga Konstan (Triwulanan) Perikanan Kota Jakarta Pusat DKI Jakarta Indonesia  % 
183171,9350,Pertumbuhan PDB Harga Konstan Menurut Lapangan Usaha Sektoral (Triwulanan YoY),persen,2017-03-31,5.01,Laju Pertumbuhan PDB Harga Konstan (Triwulanan) Perikanan Kota Jakarta Pusat DKI Jakarta Indonesia  % 
183171,9350,Pertumbuhan PDB Harga Konstan Menurut Lapangan Usaha Sektoral (Triwulanan YoY),persen,2017-06-30,5.01,Laju Pertumbuhan PDB Harga Konstan (Triwulanan) Perikanan Kota Jakarta Pusat DKI Jakarta Indonesia  % 
183171,9350,Pertumbuhan PDB Harga Konstan Menurut Lapangan Usaha Sektoral (Triwulanan YoY),persen,2017-09-30,5.06,Laju Pertumbuhan PDB Harga Konstan (Triwulanan) Perikanan Kota Jakarta Pusat DKI Jakarta Indonesia  % 
183171,9350,Pertumbuhan PDB Harga Konstan Menurut Lapangan Usaha Sektoral (Triwulanan YoY),persen,2017-12-31,5.19,Laju Pertumbuhan PDB Harga Konstan (Triwulanan) Perikanan Kota Jakarta Pusat DKI Jakarta Indonesia  % 
183171,9350,Pertumbuhan PDB Harga Konstan Menurut Lapangan Usaha Sektoral (Triwulanan YoY),persen,2018-03-31,5.07,Laju Pertumbuhan PDB Harga Konstan (Triwulanan) Perikanan Kota Jakarta Pusat DKI Jakarta Indonesia  % 
183171,9350,Pertumbuhan PDB Harga Konstan Menurut Lapangan Usaha Sektoral (Triwulanan YoY),persen,2018-06-30,5.27,Laju Pertumbuhan PDB Harga Konstan (Triwulanan) Perikanan Kota Jakarta Pusat DKI Jakarta Indonesia  % 
183171,9350,Pertumbuhan PDB Harga Konstan Menurut Lapangan Usaha Sektoral (Triwulanan YoY),persen,2018-09-30,5.17,Laju Pertumbuhan PDB Harga Konstan (Triwulanan) Perikanan Kota Jakarta Pusat DKI Jakarta Indonesia  % 
183171,9350,Pertumbuhan PDB Harga Konstan Menurut Lapangan Usaha Sektoral (Triwulanan YoY),persen,2018-12-31,5.18,Laju Pertumbuhan PDB Harga Konstan (Triwulanan) Perikanan Kota Jakarta Pusat DKI Jakarta Indonesia  % 
183171,9350,Pertumbuhan PDB Harga Konstan Menurut Lapangan Usaha Sektoral (Triwulanan YoY),persen,2019-03-31,5.06,Laju Pertumbuhan PDB Harga Konstan (Triwulanan) Perikanan Kota Jakarta Pusat DKI Jakarta Indonesia  % 
183171,9350,Pertumbuhan PDB Harga Konstan Menurut Lapangan Usaha Sektoral (Triwulanan YoY),persen,2019-06-30,5.05,Laju Pertumbuhan PDB Harga Konstan (Triwulanan) Perikanan Kota Jakarta Pusat DKI Jakarta Indonesia  % 
183171,9350,Pertumbuhan PDB Harga Konstan Menurut Lapangan Usaha Sektoral (Triwulanan YoY),persen,2019-09-30,5.01,Laju Pertumbuhan PDB Harga Konstan (Triwulanan) Perikanan Kota Jakarta Pusat DKI Jakarta Indonesia  % 
183171,9350,Pertumbuhan PDB Harga Konstan Menurut Lapangan Usaha Sektoral (Triwulanan YoY),persen,2019-12-31,4.96,Laju Pertumbuhan PDB Harga Konstan (Triwulanan) Perikanan Kota Jakarta Pusat DKI Jakarta Indonesia  % 
183171,9350,Pertumbuhan PDB Harga Konstan Menurut Lapangan Usaha Sektoral (Triwulanan YoY),persen,2020-03-31,2.97,Laju Pertumbuhan PDB Harga Konstan (Triwulanan) Perikanan Kota Jakarta Pusat DKI Jakarta Indonesia  % 
183171,9350,Pertumbuhan PDB Harga Konstan Menurut Lapangan Usaha Sektoral (Triwulanan YoY),persen,2020-06-30,-5.32,Laju Pertumbuhan PDB Harga Konstan (Triwulanan) Perikanan Kota Jakarta Pusat DKI Jakarta Indonesia  % 
183171,9350,Pertumbuhan PDB Harga Konstan Menurut Lapangan Usaha Sektoral (Triwulanan YoY),persen,2020-09-30,-3.49,Laju Pertumbuhan PDB Harga Konstan (Triwulanan) Perikanan Kota Jakarta Pusat DKI Jakarta Indonesia  % 
183171,9350,Pertumbuhan PDB Harga Konstan Menurut Lapangan Usaha Sektoral (Triwulanan YoY),persen,2020-12-31,-2.17,Laju Pertumbuhan PDB Harga Konstan (Triwulanan) Perikanan Kota Jakarta Pusat DKI Jakarta Indonesia  % 
183171,9350,Pertumbuhan PDB Harga Konstan Menurut Lapangan Usaha Sektoral (Triwulanan YoY),persen,2021-03-31,-0.69,Laju Pertumbuhan PDB Harga Konstan (Triwulanan) Perikanan Kota Jakarta Pusat DKI Jakarta Indonesia  % 
183171,9350,Pertumbuhan PDB Harga Konstan Menurut Lapangan Usaha Sektoral (Triwulanan YoY),persen,2021-06-30,7.08,Laju Pertumbuhan PDB Harga Konstan (Triwulanan) Perikanan Kota Jakarta Pusat DKI Jakarta Indonesia  % 
183171,9350,Pertumbuhan PDB Harga Konstan Menurut Lapangan Usaha Sektoral (Triwulanan YoY),persen,2021-09-30,3.53,Laju Pertumbuhan PDB Harga Konstan (Triwulanan) Perikanan Kota Jakarta Pusat DKI Jakarta Indonesia  % 
183171,9350,Pertumbuhan PDB Harga Konstan Menurut Lapangan Usaha Sektoral (Triwulanan YoY),persen,2021-12-31,5.03,Laju Pertumbuhan PDB Harga Konstan (Triwulanan) Perikanan Kota Jakarta Pusat DKI Jakarta Indonesia  % 
183171,9350,Pertumbuhan PDB Harga Konstan Menurut Lapangan Usaha Sektoral (Triwulanan YoY),persen,2022-03-31,5.02,Laju Pertumbuhan PDB Harga Konstan (Triwulanan) Perikanan Kota Jakarta Pusat DKI Jakarta Indonesia  % 
183171,9350,Pertumbuhan PDB Harga Konstan Menurut Lapangan Usaha Sektoral (Triwulanan YoY),persen,2022-06-30,5.46,Laju Pertumbuhan PDB Harga Konstan (Triwulanan) Perikanan Kota Jakarta Pusat DKI Jakarta Indonesia  % 
183171,9350,Pertumbuhan PDB Harga Konstan Menurut Lapangan Usaha Sektoral (Triwulanan YoY),persen,2022-09-30,5.73,Laju Pertumbuhan PDB Harga Konstan (Triwulanan) Perikanan Kota Jakarta Pusat DKI Jakarta Indonesia  % 
183171,9350,Pertumbuhan PDB Harga Konstan Menurut Lapangan Usaha Sektoral (Triwulanan YoY),persen,2022-12-31,5.01,Laju Pertumbuhan PDB Harga Konstan (Triwulanan) Perikanan Kota Jakarta Pusat DKI Jakarta Indonesia  % 
183171,9350,Pertumbuhan PDB Harga Konstan Menurut Lapangan Usaha Sektoral (Triwulanan YoY),persen,2023-03-31,5.04,Laju Pertumbuhan PDB Harga Konstan (Triwulanan) Perikanan Kota Jakarta Pusat DKI Jakarta Indonesia  % 
183171,9350,Pertumbuhan PDB Harga Konstan Menurut Lapangan Usaha Sektoral (Triwulanan YoY),persen,2023-06-30,5.17,Laju Pertumbuhan PDB Harga Konstan (Triwulanan) Perikanan Kota Jakarta Pusat DKI Jakarta Indonesia  % 
183171,9350,Pertumbuhan PDB Harga Konstan Menurut Lapangan Usaha Sektoral (Triwulanan YoY),persen,2023-09-30,4.94,Laju Pertumbuhan PDB Harga Konstan (Triwulanan) Perikanan Kota Jakarta Pusat DKI Jakarta Indonesia  % 
183171,9350,Pertumbuhan PDB Harga Konstan Menurut Lapangan Usaha Sektoral (Triwulanan YoY),persen,2023-12-31,5.04,Laju Pertumbuhan PDB Harga Konstan (Triwulanan) Perikanan Kota Jakarta Pusat DKI Jakarta Indonesia  % 
183171,9350,Pertumbuhan PDB Harga Konstan Menurut Lapangan Usaha Sektoral (Triwulanan YoY),persen,2024-03-31,5.11,Laju Pertumbuhan PDB Harga Konstan (Triwulanan) Perikanan Kota Jakarta Pusat DKI Jakarta Indonesia  % 
183171,9350,Pertumbuhan PDB Harga Konstan Menurut Lapangan Usaha Sektoral (Triwulanan YoY),persen,2024-06-30,5.05,Laju Pertumbuhan PDB Harga Konstan (Triwulanan) Perikanan Kota Jakarta Pusat DKI Jakarta Indonesia  % 
